KEGG,G7_1,G7_2,G7_3,G7_4,G7_5,G7_6
C05400,45866140.39,41519250.15,27379416.69,31872581.93,26604786.92,25743702.94
C00166,4281611.216,3043387.479,1238592.706,1516775.88,1725022.594,1293049.749
C16680,9105263.968,18938379.95,14421709.46,7113435.194,17638087.29,13197477.28
C00233,523348661,463923319.5,624703807,481745050.9,394004380.8,484277441.1
C06524,9369484.896,6526881.568,5410859.723,6260479.105,6666184.575,6104719.157
C01551,7607030.35,10714146.91,10507941.3,7683961.789,8133900.823,6415973.276
C00955,8192771.679,10749401.4,13535884.41,9251305.203,12302751.6,9988106.694
C02366,48801714.41,136807158.1,50759944.77,60123531.79,90121886.32,60708042.18
C00547,25460679.03,22983178.84,18749460.35,19214586.49,16333729.63,19293265.27
C05576,10609557.09,6878995.429,10625268.09,15975403.96,9462787.475,10857587.74
C12989,927597289.8,754174872.9,591594765.3,635056209.9,605179129.4,599338785.5
C02637,10347229.72,11249537.32,10187865.88,9182679.187,16616906.55,7864077.466
C03619,7435896.08,7393541.603,11127055.11,7960654.197,8082958.694,9176830.713
C00795,4196233492,1528823075,1146820693,3091530862,2029870368,1175977304
C00082,499140449.7,322669521,279952391.2,308417680.4,310567481.3,306710794.7
C01595,3040588188,2072497039,1493349394,2199996387,2085650871,1649754961
C02494,25065867.7,17662601.23,16792299.57,15222447.58,20315429.7,17259639.44
C00051,2558928155,3060814878,2771576992,2987010619,2984293441,2631342300
C00267,21418476.55,24390570.23,17583855.91,16458258.12,16644311.65,14864646.14
C09827,168057665.8,301012811.7,144320598.7,181733238.2,151335732.5,161705285.3
C00449,702920237.1,640795994.7,338250753.9,403722941.4,433678115.8,438828039.5
C00212,667199699.9,719973056.4,552828621.5,550433727.4,511071017.7,528613230.5
C14762,37459998.12,26551684.57,25726035.38,27119874.17,26060503.52,22117805.95
C10084,13278043.68,15209162.55,10731370.38,10052082.26,8255422.053,9120008.709
C04036,19934928.92,34873786.04,24202151.65,15400001.11,36872733.54,20801893.01
C07577,31085988.49,192470881.5,73691083.99,86083091.93,84401501.87,57805398.76
C00534,6191165.67,5307870.607,5210582.969,4717898.577,6841925.313,7680749.768
C00423,1030695078,1221526329,1006350274,871084153.4,979832273.2,773646282.8
C01970,10711629.73,10813845.58,8747658.257,11119074.17,7969160.956,9150575.5
C13846,1300087495,1216294601,598851660.8,884261155.4,505257329.5,851821625.7
C06323,216389972.8,213089052.3,194130885.2,174412612.3,179816238.7,195843118.7
C00811,183650595.8,188391235.5,139174820.6,148605268.9,194629146.8,122711420.2
C07018,7847071.738,8815532.874,7462205.61,5335883.756,10300012.16,6599259.42
C02155,91834767.96,63789863.32,49275917.91,48538176.03,50374487.02,49026157.49
C10470,19875687.78,20779824.91,16215355.5,14183239.97,16547120.13,11385360.68
C00232,53364925.57,56895264.16,51979341.37,44939800.19,42727901.94,36808964.2
C05984,48403340.15,37657745.94,35223186.83,34315751.98,36450652.59,34445091.47
C00429,14627835.82,19818387.97,15628234.06,16039523.42,14539379.08,12951052.95
C02115,19629966.04,25736974.45,12302547.9,13968701.55,13084299.08,11746208.77
C00802,17218310.64,13643838.4,10802615.42,11410357.36,10854295.91,11305875.24
C00966,13093700.72,38267250.09,44699297.99,32983308.8,43068707.4,33727399.76
C01042,17890292.05,17111870.25,21164858.85,21022000.68,21172797.3,19470583.81
C03217,12165399.69,15545978.1,9698593.184,8407389.879,9940592.503,8082158.861
C21602,7194725.934,6683261.928,7150868.83,7734945.383,7927272.356,7603996.677
C06358,1624753038,1832496874,1417850773,1148704540,1512790567,1219671162
C11016,1621383001,1767160512,1443930839,1070475584,1828746300,1280817391
C03972,3676762.175,3681080.063,4224576.642,4178652.752,4226991.104,3910167.006
C02666,15949261.65,17204964.85,14377070.52,16949049.31,14535074.1,27046594.18
C16737,31441042.95,46769394,32846973.31,28714121.56,30593758.45,30206393.35
C10478,12166993.21,16541115.08,16173108.76,7444296.527,10124347.94,7219590.413
C02427,17418240.75,16135414.82,11621280.17,6349400.947,11344504.9,7479956.87
C06726,42179742.26,42551055.78,19719152.67,36076099.29,43884362.04,42986237.53
C20800,18324985.19,17020065.62,8355623.721,9621077.313,8969538.681,9307710.822
C01251,5647910.066,5354164.899,7451237.127,6272557.835,4840672.126,4605952.921
C20772,163684982.9,202663532.5,134901817.3,153628248.9,108442274.1,101538179.2
C07401,22286478.86,24608906.32,20726331,14717051.76,25864648.89,17475637.6
C02587,13564907.64,20224657.45,17160511.23,19202153.65,20949367.14,16363955.4
C05939,6143266.122,3692146.163,2886512.863,3835261.534,5125124.243,4555579.277
C03003,75902816.53,136536550.3,76266126.29,167247101.4,121952636.2,113378941.8
C19914,65782661.51,65408444.62,73078283.98,77771606.66,69267507.39,67008568.95
C00147,48003699.35,33937762.26,30341765.48,31058406.65,32766614.24,30807883.51
C01197,9111376.525,12063056.81,11096919.83,11832550.58,9603385.226,9962548.603
C08432,9122964.559,5406586.451,3448278.821,3984207.707,3626978.109,3654749.958
C20470,2265171.21,3098339.924,2289034.26,2281730.797,2999456.712,2502440.806
C03993,10222110.85,12766807.05,11743705.51,13902022.17,10698921.52,10775153.39
C21091,31682666.15,18924781.27,10298071.64,9825010.409,10121495.86,10820101.11
C00122,60462193.32,38070404.74,40302614.09,45273959.72,35593849.3,42052086.62
C00253,43257704.84,46150596.09,40608370.72,44057318.24,33629296.26,39503411.22
C05422,5019627.837,4044428.493,1996512.781,2437898.981,2383118.303,2170765.942
C02265,2598090.668,3133840.928,2070479.429,1948707.736,1840869.277,1849553.234
C05635,14281300.26,14056499.61,16068483.96,15245861.47,14220749,14075314.82
C10702,1009302.242,1258453.072,1120889.355,1292405.31,704661.6584,1599915.965
C00818,46943611.09,39560301,34154807.4,37697357.53,37133509.64,26709369.86
C10494,7538993.14,7000855.974,6718827.969,6958819.92,7086954.992,8148000.019
C00061,15234902.93,20205949.08,10656725.34,10939416.42,11454998.15,9740253.772
C01835,7730859.114,7470515.84,6157643.342,11658720.64,6226552.078,6085955.17
C01211,21654011.52,4468320.821,16533402.67,18473422.37,17247068.7,78023484.94
C07322,5640452.188,7976705.881,5587202.205,2559719.703,5420026.552,3385184.968
C05631,3298793.08,6234455.4,5662814.419,5210875.726,4640724.534,4819654.238
C17071,10236688.22,8253585.493,8411936.087,7736768.464,7175706.774,5954392.093
C00942,10674022.55,5329479.117,7708089.901,2240624.444,17971754.14,12982857.99
C14516,101714378.8,100444479.8,94986732.2,106948258,80659720.44,90275447.26
C19569,56919811.55,62514040.82,8161307.652,3680130.996,6868390.784,8545306.894
C18477,6498287.888,6459066.125,5258636.531,3171042.539,4762075.611,5360379.93
C10454,13539623.52,19171315.09,23945829.25,34013198.55,28660771.5,26922430.62
C01735,5733749.415,5930798.31,6652438.016,4700249.759,5919518.675,5219110.541
C00831,3014620.094,4195618.231,3058425.169,3438670.637,5326980.899,2166004.532
C05526,17159042.89,16799566.17,21182718.97,16909377.41,21843183.39,20578757.86
C05410,22693667.63,24607128.15,14136120.09,29184598.87,16621570.12,12401139.23
C00492,3814047.575,4493230.733,2625677.019,1654359.186,1908436.231,3008641.412
C01546,8880473.325,13754844.03,10498788.8,10841122.37,19135181.24,15018088.47
C00601,106236598.1,207970015.9,165474893.6,110710854.3,93266367.71,167183262.5
C02735,4303198.897,5150775.91,3425740.928,4973679.238,4707210.926,5093855.933
C00047,369244136.4,378823259.6,452990825.5,429553458.4,377099404.9,426439700.6
C02656,48920564.73,45054890.52,55350316.25,46750245.48,38056774.86,40287374.18
C01005,147374822.3,91715214.58,62802337.44,90463389.78,53035838.24,50414260.89
C06424,19444234.38,14000256.5,13285315.61,17164268.98,16060824.89,13571382.53
C00089,213870533.3,106742219.8,241307323.8,144707304.7,136501118.4,129022809.3
C09794,18006286.73,16190075.57,11020759,12307110.25,3905884.891,7354199.049
C10761,11205799.69,12920628.31,9749641.889,9365333.543,8515823.766,8504641.376
C07203,5167576.072,4609365.425,6332015.586,2648905.675,5436864.315,5870128.538
C16652,4945976.811,5145395.299,6403558.564,5428792.829,6224413.261,7091863.057
C03975,2497535.688,2866163.97,2774045.157,2834742.987,2124750.018,2283335.062
C00715,4734869.005,4209865.487,3481114.408,3339801.268,3631380.908,3367106.605
C06212,3599325.063,6086156.168,4174613.329,4784766.883,3600089.124,6084998.439
C16975,19831204.03,25171729.39,16757092.48,12539075.77,18714070.17,18539565.07
C07504,3665786.979,5234647.82,5344093.15,4891388.458,5089139.06,4402152.126
C11172,36519277.16,35945206.57,33438669.81,33291725.97,32125406.58,34250209.03
C10919,2839764.258,4893287.088,3003042.415,3551268.189,3596460.811,3296668.625
C18428,4169120.326,3198037.708,2869593.114,2782351.165,2881205.489,2729067.034
C02985,1441958.583,1115777.93,739161.7074,795593.0886,820160.2102,754429.993
C10482,100322935.5,77136425.74,67082677.03,77968265.73,78063234.03,82262150.67
C07363,12296942.79,4237298.921,2239747.685,2591706.47,3078794.417,2588578.287
C19092,9712202.602,5606306.632,4943116.828,6906623.874,5074512.234,4976746.966
C14825,7447991.12,2520388.926,1394220.853,1537652.034,1832022.904,1572281.788
C01451,3435476.012,2482294.708,2181633.861,2474016.018,2663369.742,2451581.33
C01692,8184712.639,7325098.992,9482348.115,9436181.062,7190157.843,6944000.347
C10166,3306742.394,14254284.35,12567688.96,6096006.486,7172390.43,8205301.46
C07052,4418239.688,4074541.253,4473930.723,4192556.544,4156886.653,4559051.408
C07502,3901016.704,5139263.981,4555749.76,5333540.674,5466659.302,5507136.512
C07406,38249.33044,519656.5673,552242.7941,398081.6386,646494.2162,443180.5607
C11025,19492724.79,24507406.31,23130860.72,24554359.85,19943355.94,17739288.21
C07127,13108066.25,10513205.44,9973012.478,12756057.51,11080881.76,12221542.02
C07778,22660484.87,17885397.03,15235118.68,16407947.08,15896160.36,13351357.31
C08110,4441841.588,2087390.852,1162325.96,2068823.419,2916307.516,1578580.813
C06917,7046671.768,8585693.489,5455667.77,1521755.988,6270542.431,4516164.517
C15625,939117.155,1306369.796,1217443.262,1436168.884,1097154.814,985783.3708
C20152,1352741.37,1706888.132,1806114.921,1928054.254,1678670.724,1550352.424
C08794,428841.513,290093.4307,470175.4339,67992.97362,252814.8917,1434510.456
C07060,9122723.756,10131783.77,7205510.919,7606124.516,8054175.332,8188126.621
C14694,5258513.076,5184432.142,4401030.247,3627711.953,3807660.845,3934524.546
C14420,1180380.983,1076216.149,954332.2407,869453.9592,953213.6871,1130969.043
C07495,71786456.17,81823811.77,63802275.35,60621622.63,60361038.02,63855380.34
C07417,24244615.16,23542127.4,82364019.33,72546897.94,62861513.24,73678801.61
C07789,3947432.188,5011907.309,3798877.918,3891781.007,3755408.474,5302209.452
C07514,20813062.52,28113991.04,23326313.69,13986904.24,20961603.19,18396509.24
C19800,94866263.86,73614655.26,59184188.11,72180073.16,80279213.36,59439711.49
C07153,12343721.79,4804485.896,4094250.402,5629371.592,7805429.608,5168077.562
C11781,13363204.39,15587945.26,12791807.24,13598687.69,12685143.27,9818407.605
C13732,3149310.473,2388817.502,1892812.968,2434048.849,2198581.312,2479968.096
C08092,5973839.832,6903706.781,6031434.251,6678449.442,5712828.202,4609179.313
C18527,3352016.09,5915196.102,3325232.744,3776304.107,6548862.675,5360121.952
C15740,14935133.92,26997259.06,13919604.01,15505392.6,15004723.55,18556727.05
C00164,5482995.726,6302741.352,5679007.2,4980982.379,5263249.548,3975520.374
C02353,3509088.531,3218290.802,2766559.374,4022119.881,3357253.167,2917667.763
C21605,1392247.161,2250154.214,1873104.83,1662314.273,2193163.482,1628714.347
C09018,944312.3709,839857.8414,758198.0098,715070.4081,864511.0543,731827.7992
C10061,14730740.43,9521825.121,9740875.541,9247856.797,8487263.739,8959766.063
C10742,11727413.47,15716748.37,12356011.88,13023966.05,11824415.63,11919858.69
C01531,6023247.661,4414388.094,3396566.932,2856872.67,3692803.194,3411009.686
C06888,7832754.55,2846009.856,9328849.793,8318480.587,6636587.673,7877789.752
C12404,9120587.59,7146604.382,5921417.322,7596833.775,4678508.242,4093129.559
C16865,6333882.246,5880048.062,6034241.148,27518372.28,21625470.61,9226368.709
C02237,26356449376,27578494910,30208070231,29056338330,24248633937,24605799038
C10428,14646291.61,11153109.76,5076128.717,6010583.724,26342974.52,9847461.955
C16741,77791221.14,255078139.5,123322391.6,97966199.1,83471801.7,135872128.1
C20828,22407067.23,27231085.58,17849881.17,13779711.03,22378906.47,18675443.03
C11227,150010525,145987832.1,111409998.3,93995776.58,104325444.1,99759661.66
C03404,7630740.683,8868946.407,5617861.157,3555853.722,4049481.421,5290645.182
C09675,19345277.61,18391790.64,16826656.3,16220043.36,14737099.44,16669372.3
D01381,1190312.213,6602426.809,6852172.414,5416013.763,6408953.2,5393475.981
C12537,20398067.06,14265890.16,13635181.03,14931802.38,12659047.56,12406780.2
C09213,12839157.77,10125238.23,8551095.146,16088813.9,10030972.42,9935853.123
C07475,14032662.47,11297618.14,10564513.75,7935590.767,17479879.28,14067330.43
C11240,8069333.188,3715954.276,2507984.814,3092323.82,3643671.15,3487781.136
C16978,133059229,116001325.5,143384857.4,38212548.08,173654473.1,113948126
C18790,11095456.95,11824218.94,14898275.86,12323947.81,16501115.27,12327743.55
C14122,22067702.76,16336740.24,12599069.4,5552269.889,21492740.99,49026286.84
C02227,69371089.69,65403184,66343443.46,60108652.91,71883184.65,67772159.15
C00955,20134547.29,24622252.59,19987090.43,27541435.19,23729143.48,19880716.96
C20635,1744337.562,1155651.53,1030444.187,755132.3561,1023067.533,1397003.383
C03793,253190887.6,143440708.8,153686392.6,206917742.9,120626348.5,183750168.9
C18590,4498201.659,4149008.367,4984464.933,5310821.357,5186593.044,4372200.791
C11284,51444384.89,39649348.22,42482404.22,37814113.56,44642560.81,41758412.11
C13708,32145442.38,20096836.07,16815860.54,19806275.12,17802607.68,16205474.61
C07999,1577690.936,1488631.985,1222961.607,1486446.521,1298113.114,1247861.339
C18784,15692598.88,10417568.37,9015606.089,1597891.057,13472730.12,2325099.348
C07263,47558880.03,40074292.95,25826846.42,39404946.12,30646915.98,30991752.98
C06470,8872266.63,8308787.209,5679543.714,6840604.798,6761146.103,4979199.384
C07407,60033953.39,43412553.61,37834839.37,35605510.52,43291882.19,39745588.83
C07187,738324.2041,598364.6073,667933.8432,653684.4234,672488.6249,698074.0125
C07424,6778572.607,6191555.414,11567614.33,12140120.01,11407916.1,8745628.048
C07486,4522099.419,4290053.059,3693834.109,3290710.272,3749076.814,3465522.005
C18479,4492249.227,3920409.402,2589224.025,3423118.442,3130381.904,3322146.995
C10462,24967460.61,15471201.56,13931105.83,17339404.91,15893683.7,14280241.31
C07537,1614073.511,3224292.545,1025006.546,3077126.186,1241281.334,3046524.582
C10038,7588711.718,8569171.801,7329506.395,7292836.902,7120771.692,4952167.103
C20380,45699713.41,53863669.53,33439312.98,32914674.46,39193963.53,38613159.33
C14606,33026347.8,39105858.5,28836115.19,36901823.81,8682286.658,35234134.13
C07524,1543502.218,2441606.38,1398924.2,2137920.944,2108089.277,2296866.636
C11787,21636458.79,25840539.66,16369095.38,20401603.93,19354607.86,19993437.92
D01514,21966415.11,21011051.1,4985630.654,5527747.579,5956882.221,10974235.11
C18461,1783308.777,2277852.003,1828436.389,2847320.635,2382313.926,1714966.324
C07622,2237974.292,6242870.942,9496782.094,11587637.44,7660040.821,8876522.297
C18404,107844635.4,74312908.22,96164677.16,71134034.85,82524418.37,82723882.27
D02473,349450.7073,444218.7435,956450.1436,497575.4646,1304373.112,843870.8038
C01850,4041793.592,3087505.453,3291728.855,3157295.493,2684789.046,3022496.483
C06830,27213764.95,40070054.54,33359890.95,36053274.1,38566130.43,22234258.34
C11029,114063399.5,128094024.9,120860912.2,120742128.6,127009262.6,108467318.3
C14446,835489.5847,698619.3316,615360.7508,646653.0145,806094.2168,657164.0559
C12729,2408463.819,2820199.743,9758887.361,2383314.206,13280503.12,12033756.99
C07005,4683553.728,3721825.559,2764665.955,3449125.427,2674171.597,3130821.02
D07086,5170302.963,6077444.948,3747285.888,3940694.519,3832736.353,4567104.486
C07208,18365793.4,11463088.87,11316802.6,13579202.22,13285665.51,12023916.11
C02804,203749379.1,104192533.9,66565375.28,77427805.22,73067116.13,72115979.4
C00872,17916653.99,16223239.76,13698614.59,12740143.17,13101482.31,13514127.23
C15587,11327150.23,8195282.765,6278336.045,6861350.779,7067602.956,6769777.14
C00263,218410590.9,243369372.7,228344265,274715978.6,213185002.2,235075547.4
C06102,43738606.42,40040536.51,37181387.71,39604791.47,33361695.31,33457516.07
C16630,196851496.3,163576221.3,173416303.5,171337637,166890513,160359309.5
C06010,3160439.426,3173512.009,2689460.303,2819721.316,2385705.46,2257281.37
C01983,9650236.071,3665876.61,4813217.543,9232537.503,7992797.239,10199448.55
C11713,22706182.27,15595266.61,13913690.98,13952557,11821779.41,13163825.25
C20639,21351050.2,40127548.45,26544322.82,40204076.03,25491082.33,27580963.36
C02241,21270746.57,23879420.31,16000521.85,16814892.25,16319611.26,15148111.23
C02442,9375576.235,5903071.953,5743803.001,6920255.887,6094746.497,6155298.906
C16759,14327765.05,20342802.16,16070379.28,14681418.35,14446733.37,13566445.18
C01127,13769977.26,24302575.86,13324182.11,16610163.13,13284737.01,13433203.24
C02360,13884784.43,15519824.18,12490141.29,15394833.59,14185738.47,14148735.86
C12325,3627221.728,2520526.118,2124795.07,2392898.427,2390527.28,2383086.433
C00439,2116731.196,4079850.248,2787773.262,3126382.573,3058316.919,3091998.826
C09268,8024084.032,7901684.952,13426940.92,8598249.105,13767314.34,8530270.329
C04411,16050478.66,13983296.65,12610596.6,13096319.77,13807764.45,11493372.36
C21604,14289964.29,12632609.52,10727255.39,11026252.41,12061292.16,10144639.94
C05933,4425665.813,2895587.441,2318339.021,3115014.044,6524378.699,2574668.134
C00311,824814.184,1567402.023,359414.8705,829356.912,1839217.987,1317177.378
C06329,13375703.52,11523663.04,8837465.184,9439277.633,8889758.272,9832696.019
C01207,15971512.8,23085767.8,13926330.97,12143081.62,15548459.32,15121748.57
C09649,15942151.21,17949574.13,19287897.63,20324208.03,17993294.38,18453271.27
C07205,6477986.358,10537595.63,8116231.078,8699559.397,9495422.905,9091301.666
C17949,3952327.639,7850221.867,6185697.883,4926655.469,5606495.432,5255395.898
C14312,7642210.902,3511819.061,4054810.482,4810179.152,3789124.549,4380306.693
C09243,3244884.332,3677116.975,3720466.779,4462104.064,4670154.986,3293363.794
C00643,7079877.823,6007760.42,1967972.808,2223270.218,1976554.778,1755464.222
C01298,4354249.736,18362892.98,19464931.03,22689064.33,19496863.66,20072726.57
C07053,3687284.329,4578353.808,2975590.658,3941027.545,4974286.527,3015900.587
C15650,1926717.413,1803904.154,1634720.237,1482704.68,1477790.476,1455750.114
C00254,222158458.6,422027257.7,295096660.2,334877284.3,297223043.5,297511995.7
C09280,10134599.47,7216391.426,7594290.622,4874296.903,17565747.44,7440325.095
C01107,4458051.049,5198176.119,5868345.265,4313021.083,14543242.12,11453548.45
C02206,4581877.631,4930739.556,4225303.152,4421449.684,5394704.565,4979815.74
C07609,25167577.59,40720515.27,25176912.85,28580507.8,22055620.28,25924271.73
C07161,3309167.561,3325793.804,6431024.749,5750938.953,5775148.198,5717781.163
C07320,27115643.77,32116004.92,33548674.93,27276364.48,16269775.13,16644572.82
C04137,14955012.84,10116746.42,8522688.288,8591410.084,9267923.227,8808681.357
C15616,1029275.985,849017.6562,21942279.2,13583598.05,19267406.84,15269017.84
C03150,122794607,88836250.18,120876359.4,114365510.2,117060519.2,28440778.84
C05841,240169873.9,377053955.1,239979711.5,202089692.8,205904186,218194813.6
C04874,13821252.42,15949965.13,19291551.38,12476861.99,13327702.84,13641323.29
C03296,53596118.64,37685395.07,21443826.65,39057345.97,25067642.72,18193086.76
C04234,18524101.33,22134774.73,14984694.37,18937839.06,14536103.82,15525296.73
C01449,2567227.405,1711724.388,24271184.78,17200476.78,20143072.65,17286950.63
C00275,34615114.97,55435901.26,40567176.1,18857666.92,43763747.79,41128159.82
C07408,5180449.804,4088212.827,3286726.93,2932869.644,3120273.41,4874470.282
C00468,19197600.36,17063760.13,16786656.55,18129587.17,20356323.05,14929512.52
C15531,12208037.45,13629350.28,10337517.32,9988325.934,14911150.66,10067867.44
C15638,8813095.409,7016439.929,6016639.959,5612885.438,4753097.685,5283717.604
C08162,7682842.124,7009913.3,7038566.555,6002575.844,7102031.641,5276754.751
C09833,6165275.372,6261741.79,2906629.203,3868011.85,3577252.942,3708191.481
C06350,5183315.15,4151867.608,2892639.485,3580822.91,2793102.589,3014456.995
C07881,3210893.241,2898823.763,2976223.806,2748053.537,3305608.594,3321385.842
C04462,5464593.209,5123386.892,3853018.75,3777603.195,3876272.502,4073863.657
C08079,126356124.2,79093951.23,95270669.45,135595131.6,23664334.3,82787893.2
C00341,15376168.84,9975377.527,8553572.165,8697326.511,8723180.315,9720203.547
C03492,7586297.424,7171855.038,8932032.946,7988649.954,7467148.161,6841334.5
C16352,11444178.06,13324774.88,12160890.5,14319533.29,10879071.43,12675480.26
C07246,12854696.43,7376451.895,4255249.155,5204490.942,4695536.98,5258878.364
C05906,398706860.5,505579047.3,506017565.3,596093729.4,444195708.7,450581143.5
C07605,22191356.4,20823521.08,27376555.52,20350232.55,24652599.76,19298712.83
C06681,589268.8926,630715.2327,540545.972,465094.1851,487917.2345,494231.4299
C04540,1660650.703,3076639.758,3916069.58,2936676.357,2548696.761,2329040.131
C14776,22740850.88,13515445.13,19314467.35,24162974.51,27689854.77,17193433.34
C16416,14294159.77,9266656.269,6288249.743,8426517.816,6463888.016,6509064.7
C01168,9294332.097,11383507.74,7523354.15,10043612.24,7562678.707,8394569.303
C01265,4029451.946,3475575.55,2838781.532,864770.7216,4086037.727,3073556.117
C21161,3806872.594,6616202.304,5188116.297,5084450.008,4033643.108,4254999.577
C06162,5142359.784,6331708.327,6714413.393,7159486.875,1785614.261,5545633.625
C08169,10543559.08,53405953.42,14028441.3,32609529.9,52140993.12,42564846.37
C21191,19710027.22,23957174.62,21744678.22,17296484.51,24571978.79,4947537.245
C06564,19862086.43,45772230.15,32981635.5,39239195.88,29272321.97,22223516.94
C20513,7399824.746,5663947.456,6386641.087,7453456.738,5471132.713,5687305.083
C07506,9962715.054,4787719.826,6145106.566,4067661.24,7220936.318,4109947.814
C00584,13669207.28,7575638.233,6038797.242,8733694.102,7993714.978,7010871.176
C18910,2199843.609,2793366.397,2824724.877,3356276.006,2792443.648,2444400.156
C01926,59786323.78,42853827.02,29057482.33,17981522.4,12861758.36,25443500.44
C07251,12754662.44,9914841.695,7182172.822,9343556.095,8305501.181,9077550.788
C04778,6688363.893,24869709.75,21150247.55,18219621.1,24195441.34,22880234.54
C10682,10812981.57,26336387.76,15270241.69,14060513.56,21478385.76,17542426.56
C21648,23809446.7,25829081.56,11939421.01,14573206.17,15130927.38,15570972.71
C01814,1421544.512,1599886.91,1599907.128,1542281.051,1730256.091,1338980.005
C16619,9351210.482,10390464.1,9125839.987,6374311.169,7719427.477,9111388.288
C07589,359138947.6,322542531.9,480615167.7,321830036.7,382177741.3,414722565.6
C06654,77849647.1,91286926.09,76607545.62,84361606.41,78598489.94,78160759.94
C15550,10382883.97,9811758.908,4502710.824,10427883.49,9970594.7,11447943.06
C01852,5348702.202,4107893.13,2279983.189,2587040.334,3175784.064,1759773.488
C06165,3636269.747,3420007.602,5607056.499,6284579.127,4945484.701,4266376.848
C12369,2290107.227,3587315.96,3005690.556,2846352.748,2644017.351,2399109.819
C04719,2867177.785,2432686.25,2688569.586,2574983.992,2908555.507,2613767.326
C00015,297752817.8,327730634.4,404411966.7,258497303.9,272755938.9,177342578.6
C12424,8671695.138,8729373.519,6551542.681,6040839.14,6065662.342,7245633.793
C15970,17690642.12,10791389.85,9875301.409,14577584.06,11485725.2,12361566.92
C16406,195020559.9,197131013.1,108228656.7,109224466.4,106008329.1,48537753
C12141,6325377.023,4903079.468,14320390.65,9773113.948,11299032.85,11006740.88
C08647,5274886.272,3341584.758,2443901.776,4091532.22,2098426.796,2024305.77
C00477,4758220.985,4533874.988,2351872.285,4715480.853,3041091.672,3489350.149
C21656,4030430.1,5570456.482,4640408.577,4412002.363,1916939.55,2118955.794
C03646,2053489.702,1944632.44,1548130.89,1640591.981,1697442.681,1833563.577
C21395,1103576.406,986833.4439,693941.3603,224222.9102,666351.8071,693692.9348
C12625,27336220.93,30703914.44,24301640.75,29825698.72,24837136.71,34058165.11
C05803,5656113.652,2231333.302,5338507.353,2913576.323,5466563.624,2957690.49
C03187,21456680.58,10271368.98,7427681.536,8680338.984,9510467.698,9057109.492
C08540,17550154.19,12822009.29,9101760.489,12956645.69,11139225,11253407.49
C02191,5750728.848,7661297.493,6159863.135,4780707.464,1664840.973,5328491.091
C03516,2134691.868,2154398.692,1652447.317,2277157.283,2354230.958,2105971.089
C16305,2976659520,3028541478,2674027169,2358629651,2216519958,2691993886
C16541,53795923.91,35576237.76,28490734.27,30889619.31,29035593.25,32245720.68
C04631,572042.9503,914112.2523,1620062.677,1556722.14,421606.4914,409564.1365
C01201,2108473.231,1939051.657,1697422.538,1834847.746,1686235.093,1790417.937
C16304,4951668.05,5845236.682,4313211.609,3200134.068,4401506.819,4202971.363
C01033,2173176.961,3002155.742,3512040.267,3191474.648,2796879.815,2305873.083
C00082,40582562.61,10908582.01,9299106.758,8937853.002,10572674.66,9435317.783
C16924,19560313.47,36012468.72,34920170.87,13697931.49,34039980.97,30087526.16
C09268,48274851.19,37209519.15,14458447.99,18954759.9,35493386.39,39045926.64
C03093,97114826.51,99770028.36,82026593.81,78969853.03,81470727.59,75813916.77
C09311,96811719.8,67359340.05,55066946.01,55587395.29,58086128.82,54141540.37
C16778,11229453.12,8278995.948,7477287.707,7197153.818,7871964.103,7866963.314
C12189,16701766.46,13533916.06,11985216.23,14708628.6,18369175.91,15762957.14
C10287,5679180.886,7014994.172,4796355.263,4765075.067,4388220.281,4539491.196
C08532,8238821.588,10224622.54,7369726.424,6755723.757,6794239.222,7231799.997
C06427,45880998.97,31593510.45,26184693.3,34484844.37,33261538.89,28146454.77
C10041,226974100.5,209769536.8,274961768,230695782.4,241452683.5,249566209.4
C10184,398432736.9,378949102.6,298034747.7,346997285.5,279735893.3,345254987.1
C09727,5036581.319,4244253.17,4327072.794,4060593.092,4348544.611,2938033.414
C09919,35171650.89,23754067.24,18899647.57,22798539.79,23548936.24,19674652.25
C09364,15045463.29,7137051.037,10429715.93,11821747.3,10510203.5,9287544.442
C02134,17376133.94,20377677.39,18401811.8,15957373.01,16584357.05,12069118.71
C15530,36020315.8,22585193.64,14135177.82,18468492.07,20354047.25,16893801.78
C10245,103522.1504,187211.3587,433816.5714,340858.3984,504253.3651,1446634.149
C17064,50914872.71,35667216.59,35026024.37,40471088.29,60116186.88,43826425.07
C04608,8892000.419,8673507.434,9128827.498,10275027.32,8347177.578,10301536.91
C17615,1086800.686,1225591.677,1137845.23,1345989.131,2444214.895,1200133.021
C01585,177571552.9,394299498.3,137986333.8,323415923.8,517875550.6,116495163.7
C00666,9135324.044,1934201.643,1885136.771,2048586.384,1544312.579,1318283.639
C06414,2573680.274,2956871.612,3261671.492,3015401.761,3306505.549,2665817.495
C00493,9930076.77,11818321.34,6971773.641,7388853.702,6987304.084,8695740.465
C03145,1759395.523,1927624.362,1692919.487,1822237.584,1980567.563,1357399.935
C07480,511228.4896,449826.7342,886051.2032,560535.8061,645165.3716,417717.9563
C05926,1488616.901,3222203.352,1692489.49,2356588.861,1902515.22,1226332.018
C05488,942794.2986,1134842.304,548293.481,884012.1862,606087.8372,584566.8495
C03766,1940210.749,1536525.136,1544986.647,1536332.251,1604424.817,1317003.408
C09263,3925196.541,2973562.811,2686611.737,2656798.513,4868576.819,2288559.191
C19415,23098236.76,23029437.21,16250402.03,19186688.8,14790480.84,16381277.29
C06662,1293746.489,1263824.239,982054.1372,974960.9468,935463.9018,1010965.256
C03884,1370039.9,1034192.545,625953.3912,633892.3723,657620.817,675821.8631
C08491,1745757.207,637291.3494,7179324.732,2585517.991,2925603.086,4003290.293
C00251,9999281.588,9374900.273,10798080.38,14412869.34,13935248.98,14584443.7
C14229,172337.4619,223692.2094,234252.5076,210642.3246,217551.6089,152585.2093
C10312,34955091.45,33278139.58,52314875.68,42303042.68,39565922.99,31821977.47
C07443,678680.58,521032.0187,479263.7288,510091.9008,524672.8502,511499.322
C06997,19058780.17,22706797.51,23545131.44,26223745.06,31262304.31,21268630.04
C14404,496308.5592,392177.0491,448356.8525,511010.5051,651319.5318,394862.5456
C07318,8680360.198,6678261.994,11006386.34,10979282.2,8292044.372,6878191.355
C11169,990251.1176,1791896.163,1212019.597,1319561.14,1068688.555,1423989.912
C03406,101706.1559,80078.13302,78049.00914,99372.91561,97100.70129,96810.30676
C19039,46188279.9,38121795.81,27985800.56,40082954.83,24320683.43,12826712.31
C18659,366131.5546,398907.167,475094.2981,595052.4864,454411.9451,367569.4542
C07110,415016.0337,320997.5226,324264.986,308443.9247,309665.1885,316998.2205
C06939,3178004.016,1037484.217,773106.2623,891107.0287,1135641.642,1085172.702
C03299,12800200.31,8997996.08,6976169.26,6820706.168,7453165.98,7706572.116
C18166,275595.2234,1302193.085,1421703.031,1735334.823,1203185.331,1084931.13
C07630,267945.0043,127159.0927,108471.7454,129860.5347,170973.6392,112319.244
C06897,1441199.719,1396296.025,2142129.199,1699735.531,1625359.462,1540423.322
C08126,374076.1356,351170.451,355391.0011,358371.4799,377849.0114,343134.2693
C07508,136372.1605,203334.4254,87799.46718,150373.9198,150502.4331,129122.3541
C08357,348916.5835,153159.7719,82214.35877,422362.9339,427958.2415,414239.8773
C09024,24643.80758,617199.6408,60479.43507,375337.2306,439860.4733,270330.919
C16417,464112.644,759645.1668,282708.0266,353944.9724,185046.9734,411953.9185
C06835,334763.0695,269097.0854,263950.1419,291761.5697,276489.8548,274875.6601
C10443,239127.7089,99247.06821,74132.68725,28612.40159,23436.43478,54469.8782
C04671,182005.9986,214794.6922,160503.8041,139701.3153,223687.4507,199567.9314
C11125,788399.093,923621.7369,546289.112,726422.4881,538601.6173,632181.6033
C05961,207281.8554,1107286.019,964402.8731,859027.5186,1455361.981,1833927.504
C07339,31328.02373,49389.6551,158308.0143,74300.37478,66066.46604,142437.2913
C08173,63060.05839,3534064.283,9792691.714,3764796.217,3729406.133,3623038.263
C07317,8523285.602,15720441.05,24151384.76,21369871.44,16044206.33,18287369.17
C10874,1032065.134,320708.7307,840479.0847,666331.1242,651999.2236,530285.6632
C07267,915847.82,1851559.418,1019379.477,826289.7252,937786.1294,659835.1731
C10915,1101731.574,1187047.986,2096994.521,1787216.167,1713850.324,1261625.873
C07398,57434.7386,47800.78646,320649.3666,342649.3934,73305.43387,324578.0379
C07188,2283675.228,30379477.63,16211819.49,15059292.28,12853765.28,15122645.75
C01626,379243.1229,4619648.666,1247958.112,445399.891,1639798.838,409038.0184
C07225,21079680.27,21960940.76,20379980.87,19819090.86,15587179.59,10350109.84
C09668,1471600.569,480404.5837,1793172.194,1257788.685,1121677.998,861347.8379
C07007,757416.2387,2173205.819,1429693.743,1651490.294,1758110.589,2096806.426
C18430,84082.15552,477656.4614,377408.0567,344451.6741,274443.7075,148397.0441
C10018,1291167.808,3628122.346,4619615.225,4027722.594,3703144.714,3726592.501
C00044,146225.9092,210928.8124,194695.0529,228771.1854,197285.9534,227467.8118
C12661,989075.4159,1989807.222,1358621.936,661616.1579,1646876.127,987555.71
C10048,653930.4502,582551.7378,324392.1415,267837.1087,377309.8527,319145.3996
C09929,7646372.381,10449159.06,9310808.7,8201567.944,23052226.66,10495583.79
C11153,3041005.674,3566990.042,1879667.661,2180578.794,2888253.5,1699630.786
C01050,166047.1586,131656.5158,351865.4783,274646.4748,70505.32912,396415.8564
C03069,273709.7038,174462.1803,206949.4153,204870.862,233836.7596,89178.72381
C00527,916119.4435,5317252.016,965679.9635,2019312.115,1667311.244,633383.6089
C01832,70608.27003,100039.5413,85827.05328,112529.3348,136408.6613,97183.6532
C01936,24886.33342,74354.14736,36376.7319,49065.00797,43925.26269,41123.7944
C00123,7307188.78,8028665.419,8985248.251,13287382.4,13051228.02,7976404.83
C06562,104317406.5,98944812.48,81899433.34,100204068.6,113502061.1,73207422.91
C00500,22752.1724,32683.98857,99781.32003,202401.5574,170666.187,187657.0645
C07610,3799915.524,2937521.615,3329592.626,3741571.076,2817090.677,2799290.729
C20788,14404952.86,17011747.53,10511695.62,12682886.81,9853875.615,10179609.04
C05822,1914859.524,1938623.344,1889990.316,1877210.473,1440942.962,1851892.195
C07321,418391.4592,443175.3563,550259.914,484658.553,451177.601,496640.9294
C10645,756368.9829,714340.5459,453379.8355,572128.5535,366617.6167,487999.3735
C00206,184836.1113,226507.5498,139047.099,156489.4727,127886.819,180033.9634
C19952,63748.21678,806250.4811,1052858.572,550326.7502,2070982.754,3242940.63
C18809,1536474.955,1715545.194,1955864.676,697924.8332,2201511.78,1761156.23
C10437,11374663.69,7243817.642,6033879.592,6587615.739,5413043.46,5778164.141
C07813,521363.2525,2873511.716,1957603.713,2210525.469,2001030.522,2342405.282
C16641,46478.33092,54975.49229,46500.02258,53933.89497,206948.6721,244484.717
C17674,157082.142,125353.4956,711928.8132,686817.1274,787357.3,723880.9535
C03248,1378300.877,1336375.396,1205623.486,1251591.804,1457810.409,1199001.378
C02500,2439300.236,1913153.89,1595758.425,1872957.378,1625153.994,1935523.252
C02129,31805672.79,20201338.29,18382748.41,19168877.08,17059624.95,21129455.81
C02480,15052337.83,17207973.18,18445608.52,13222968.83,19931847.88,19993206.47
C03057,474566.4542,219636.3818,220049.4767,270015.8976,232207.9662,188981.273
C11150,2706528.963,3038299.356,2976327.474,2410353.374,2350513.474,2877826.254
C13014,7514937.973,7422404.547,5366746.412,6638799.585,6264805.801,7173440.288
C05410,3040553.436,12665240.67,5581308.082,5182670.633,5695824.586,4488995.821
C19180,5764078.827,7589746.03,5952294.541,4863755.518,4768385.098,4427860.867
C07491,3313357.393,1304721.675,1235632.787,4436333.989,3071811.205,2938538.475
C18782,261080.795,244564.506,183131.2275,204045.0876,142405.5339,164031.2774
C02147,150792767.1,125622864.7,108558463.1,133289166.4,118517516.9,136355191
C09049,6702412.78,3629852.077,3047961.119,5140401.532,4853893.978,3032318.888
C18869,997957.8544,1130255.105,232725.1034,82677.20479,99081.47599,77872.12651
C04037,2431407.161,1116729.779,1157880.947,1159711.866,1363971.225,1199524.78
C16626,623546.8142,776067.411,728753.3175,829883.7757,614676.2321,676513.6766
C10029,136571.7148,142629.9162,162142.7087,156149.6846,152883.5644,146744.2791
C18599,243637.4725,457796.2822,244088.5295,272060.8293,254062.1507,231142.9153
C16522,25842704.63,23339166.6,49595468.62,26145126.49,37695647.39,30929968.89
C09365,504117.7024,1210768.177,467730.8074,791085.9501,561485.9004,443376.4471
C07543,57544.2889,510828.1452,168271.5041,201959.7492,232589.2576,220158.2392
C06196,1969564.135,1427473.259,1559201.935,1247659.238,270252.1862,875746.4846
C16805,1142511.439,989661.7243,538310.3306,476319.5051,604648.3166,555961.956
C17595,842344.1699,1167386.461,805250.1909,1188658.833,943636.483,1109415.24
C17058,331137.3906,1515797.289,385388.2838,267384.4482,197069.463,1216205.699
C06974,1751246.345,2149632.296,1775166.675,2033490.31,1916106.272,1722533.092
C08412,469431.3828,443820.5,430827.8842,554424.334,376241.4333,381491.0863
C09011,1338929.039,1041920.116,1030087.261,977420.1167,1141453.254,550631.0159
C10535,9604044.756,5969902.812,5158870.46,4570691.822,4989463.252,5505416.133
C03514,432364.8063,1003954.057,902429.213,908200.9154,653327.6645,511673.6925
C08424,562124.4919,900577.4555,650963.6666,816193.7071,602589.3522,797200.2273
C18596,85649.16036,115269.0533,621426.6847,35415.42715,237338.4577,223800.8253
C06889,11543768.94,14200182.09,15466377.94,8649499.803,14398043.61,11177502.13
C09793,14941680.77,11728975.71,13292948.07,12385321.61,20650248.36,9037312.042
C04858,10215434.05,10014096.97,6540081.582,3842257.728,5734088.494,3444461.635
C01737,43572.02293,122607.1653,118137.2812,145201.7893,97585.12994,210115.9925
C10501,322629.2312,422159.8533,449763.5655,449780.4847,549697.9699,424287.8929
C00490,59893640.45,62551638.15,99533507.89,81762481.67,99623414.01,102941014.3
C08434,759327.3055,298157.1157,279105.9786,372586.8183,391932.072,309245.9117
C00418,4425867.803,5442300.507,4802936.381,5129931.117,5207071.27,4844628.128
C00628,1076367.911,844848.1598,1050633.198,910257.1854,921829.9525,888380.2192
C03761,8182113.991,6046230.166,4457067.316,6167061.873,4640591.423,6311241.318
C20343,1895916.346,3229812.3,1870997.081,2426509.257,1713241.805,2195505.7
C16361,3531420.596,3033440.442,2641758.669,2451617.972,2999934.279,2007484.894
C00880,48951410.87,38713384.33,38575362.42,39271526.54,45652302.99,42190538.91
C00620,13829793,14160448.41,10774204.09,12482378.54,10175829.03,12744664.49
C19453,354762.1419,32066.42785,162788.4054,6532.226212,66428.98754,53031.07764
C01716,2319421.598,3831704.557,1604257.36,2364786.195,1893144.306,1872836.895
D07784,252411.5863,255321.9619,218663.009,206770.3274,197288.698,180083.1437
C18502,127472.6583,322691.9674,115442.3878,132894.2619,162973.4675,123260.2203
D00441,1000302.497,2244750.23,739126.7377,1315237.893,776123.7437,688572.1506
C16754,1539330.86,1436270.044,995153.5873,869912.5424,1100994.034,1192814.984
C14350,710728.2334,848379.7103,848464.7543,791213.5183,896661.8426,707917.6769
C10682,988728.7552,721796.4909,1102952.57,1369398.994,788833.0976,1129513.337
C18615,166315.7205,141678.1339,137510.9781,200020.7588,159784.7884,167105.1525
C10952,3435355.107,4058084.185,4555832.235,3572782.826,4218843.448,3207483.334
C10067,23110.25534,188983.718,208722.5695,195754.8281,67125.06358,302895.7114
C10474,1508089.491,2110284.433,1691971.307,2129120.894,1352998.345,1399891.098
C07259,1085171.441,6721603.65,5494678.41,6919284.535,3880741.253,4291778.792
C01443,273600.5737,718653.2974,648814.6562,687885.7126,926093.7808,191310.2432
C00758,4242247.076,6077736.687,3135615.536,4283519.868,4041773.382,4210019.476
C06562,2910101.2,1884036.128,1863215.905,1796913.196,1814420.903,1888239.481
C16985,1029586.587,996996.2761,1048633.394,1191039.336,1445584.763,1097277.028
C09187,6619881.175,5556308.253,4952700.724,10139735.91,7491399.635,7092229.931
C09279,90080410.59,111937683.9,92273953.42,127975001.8,88846552.18,76454549.05
C10316,8642197.487,9858655.586,10658489.31,13205096.04,10870117.31,11339228
C10288,13184743.45,18795995.8,21504721.29,20062398.46,19825217.11,17427257.6
C10025,1252289.902,861460.1537,1022866.835,977416.2393,783272.5583,776066.6331
C16915,242726.8511,171726.6091,390873.9891,607171.1466,181209.9123,473542.4937
C09767,573038.7556,207923.3052,139550.866,147521.3996,309459.8806,163837.1739
C21833,5095539.161,11710539.61,7225418.801,8861469.72,5974173.862,5876902.227
C10099,5850058.878,6379956.911,3435179.261,2863918.187,3814511.831,3854603.039
C17042,50998803.53,36496364.48,31440115.96,31646894.23,27993900.07,13680569.5