Gene ID,Accesion,Control-1,Control-2,Control-3,S7-1,S7-2,S7-3
AT1G01610,Q9LMM0,1047.480632,1223.613407,1227.36441,1043.644292,974.0305399,939.9861574
AT1G02850,A0A2H1ZE91,1341.704336,1141.759337,1191.741696,1049.249256,1023.473715,1037.744718
AT1G02920,Q9SRY5,971.1594455,1152.253449,1053.568746,1561.542963,1454.453387,1494.786876
AT1G02930,P42760,4925.481789,5445.394486,4964.510923,6655.334223,6293.292076,6748.682839
AT1G04680,Q940Q1,1335.067712,1100.832302,1323.437789,1215.15619,1317.660604,1269.190198
AT1G04980,Q9MAU6,478.9430979,524.7055778,532.1817537,661.385749,609.7991536,635.0128708
AT1G05675,P0C7P7,19.90987474,14.69175618,24.827952,22.4198559,23.8975344,19.21749477
AT1G05680,Q9SYK9,113.9287277,120.6822829,83.11966538,177.1168616,158.2181588,175.4640827
AT1G05810,P19892,376.0754117,453.3456192,373.4987561,350.8707448,304.0755239,323.3552381
AT1G05940,A0A1P8AU02,1048.586736,791.2560113,1013.628127,1030.192379,978.9748574,1028.553742
AT1G06570,P93836,401.5158072,358.8986152,340.0349947,374.4115935,350.2224869,287.4268784
AT1G06640,Q9C5K7,1336.173816,1392.568603,1308.325123,1563.784949,1641.513397,1507.320025
AT1G08050,Q9LN03,140.4752273,157.4116733,128.4576647,144.6080705,150.8016826,161.2598474
AT1G08450,F4HW29,943.5068417,958.112385,953.1774615,947.2389117,826.525069,782.068483
AT1G08580,Q9FRS7,1664.686749,2222.652827,1824.314734,2039.085894,1940.644604,1927.59828
AT1G08830,P24704,621.6305335,801.7501228,762.1101787,862.0434593,800.9794288,873.9782406
AT1G08880,O04848,4854.691124,5685.709641,4708.67507,4844.93086,4946.78962,4806.04478
AT1G09140,Q9XFR5,1635.928041,1735.726051,1677.505974,1414.692907,1386.056995,1398.699402
AT1G10200,Q94JX5,2602.66307,3009.711194,2717.041529,2311.487143,2264.497397,2439.786293
AT1G11545,Q8L9A9,2392.503281,2499.697373,2356.496487,2039.085894,2073.317122,1951.829034
AT1G11680,Q9SAA9,4495.207274,3885.969509,4253.136125,5235.036352,5073.693768,4857.848461
AT1G12080,O65370,1778.615477,2337.038643,1801.645734,1385.547095,1253.384477,1280.052261
AT1G12200,Q9FWW9,517.6567432,481.6797204,519.2280396,664.7487274,552.9395028,619.137549
AT1G13420,Q9FX56,48.66858269,49.32232431,60.45066573,51.56566857,50.26722753,52.63922481
AT1G14890,F4HXW0,508.80791,564.5832017,524.6254205,577.3112894,614.7434711,581.5381027
AT1G16030,Q9S9N1,148.2179564,177.3504853,186.7493781,117.7042435,171.4030053,107.7850794
AT1G16400,Q9FUY7,734.453157,755.576032,713.5337509,794.7838916,783.6743177,735.2780609
AT1G17170,Q9SHH6,343.9983913,498.4702989,379.9756132,549.2864695,513.3849631,513.8590994
AT1G17180,Q9SHH7,220.1147263,358.8986152,286.0611861,298.1840834,234.0310265,305.8088299
AT1G17210,Q9SHI0,1319.582253,1178.488728,1364.457884,1262.237887,1288.818752,1325.171596
AT1G17620,Q9LNP3,846.1696764,928.7288727,924.0316048,1039.160321,1046.547196,1031.895915
AT1G19110,Q8L798,576.2802632,478.5314869,568.8839436,477.5429306,424.3872488,411.0872795
AT1G20330,Q39227,3698.812285,3534.416772,3498.582279,3910.022869,4251.288964,3774.148865
AT1G20840,Q96290,1627.079208,1180.58755,1743.354021,1811.524357,1953.005397,1699.494973
AT1G21120,Q9LPU7,91.80664462,111.2375825,86.3580939,143.4870777,116.1914603,132.8513769
AT1G21250,Q39191,465.669848,427.1103403,482.5258497,826.1716899,852.0707092,811.3124967
AT1G21680,Q9XI10,1214.502359,1141.759337,1341.788884,1428.144821,1265.74527,1208.195541
AT1G22060,F4HZS8,533.1422013,423.9621068,487.9232306,415.8883269,421.9150901,447.0156393
AT1G22400,Q9SK82,1470.012418,1365.283913,1365.53736,1822.734285,1743.695958,1778.036038
AT1G22520,Q8LAJ9,1308.521212,1589.857901,1185.264839,1492.04141,1319.308709,1337.704745
AT1G22530,Q56ZI2,3708.767222,3549.108528,3668.060039,3101.787064,3170.131546,3198.459565
AT1G23260,Q93YP0,764.3179691,999.0394201,697.3416083,688.2895761,618.8637356,619.137549
AT1G23860,O81127,1030.88907,1201.575773,984.4822705,1034.67635,1012.761027,1024.376026
AT1G24560,Q8LPK7,395.9852865,421.8632845,404.8035652,439.4291756,364.2313863,462.0554178
AT1G26850,B9DFI7,7139.902302,6214.612863,7034.946225,7199.015729,7411.531875,7461.401232
AT1G27190,O04567,1096.149215,836.380691,1057.88665,1163.590521,1170.979185,1087.04177
AT1G27530,Q9SXC8,2261.982991,2918.412424,2441.775105,2709.439585,2755.632932,2621.934722
AT1G28120,Q8LG98,928.0213836,1079.844079,914.3163192,1073.911098,1021.001556,959.2036522
AT1G28440,Q9SGP2,1690.127144,1556.276744,1668.870165,1690.457135,1821.156932,1625.967166
AT1G28660,Q9FPE4,2738.713881,3172.369923,2836.863385,1699.425077,1797.259397,1921.749477
AT1G29400,Q8VWF5,1305.202899,989.5947197,1387.126883,983.1106811,986.3913336,962.5458252
AT1G29660,Q9C7N5,1394.797336,1426.14976,1526.37931,1211.793211,1128.128434,1173.938268
AT1G30910,Q9FYH8,655.9197622,622.3008152,573.2018483,510.0517217,518.3292806,599.9200542
AT1G31830,Q9C6S5,670.2991162,472.23502,649.8446566,760.033115,743.2957251,661.7502548
AT1G33170,Q9C884,414.789057,374.6397825,367.0218991,401.3154206,490.3114816,437.8246635
AT1G33600,Q9FW48,810.7743435,775.5148439,785.8586545,825.0506971,825.7010161,753.6600124
AT1G34130,Q9FX21,1649.201291,1212.069885,1655.916451,1774.531594,1897.793852,1883.314488
AT1G34260,Q9XID0,294.2237045,227.7222208,275.2664243,337.4188313,309.8438943,293.2756811
AT1G42990,Q9C7S0,826.2598016,910.888883,770.7459881,911.3671423,1006.168603,968.3946279
AT1G43800,Q84VY3,2676.772048,2812.421897,2710.564672,2767.731211,3147.882117,2832.491621
AT1G43910,Q9LP11,617.2061169,601.3125921,697.3416083,847.470553,796.0351113,803.7926075
AT1G45201,Q8L7S1,3866.940116,4102.148207,3820.266179,3317.01768,3082.781937,3268.645198
AT1G48480,Q9LP77,1099.467527,937.1241619,1096.747793,1036.918335,1047.371249,947.5060467
AT1G50010,B9DGT7,10179.47651,9445.749811,9816.756324,10678.57736,10601.44069,10643.14993
AT1G50490,Q8L7T3,1228.881713,1431.396816,1247.874457,1427.023828,1414.898847,1419.587983
AT1G51350,Q8RWE7,481.1553062,419.7644622,605.5861335,461.8490315,442.5164128,489.6283451
AT1G51805,F4IB63,345.1044955,325.3174582,335.71709,338.5398241,257.104508,361.7902277
AT1G51820,C0LGG3,11.06104152,24.13645658,29.14585669,20.17787031,16.48105821,31.75064354
AT1G55160,F4HYQ1,950.1434667,1127.067581,860.3425105,1015.619472,994.6318627,1016.856136
AT1G55450,Q9ZVU4,1213.396255,1417.754471,1313.722504,1318.287527,1362.159461,1182.2937
AT1G55500,A0A1P8AS28,1910.241871,1742.022518,1797.327829,1963.979377,1886.257112,1883.314488
AT1G55750,Q3ECP0,299.7542252,298.0327682,219.1336633,209.6256527,244.7437143,247.3208023
AT1G56220,A0A1P8ASR5,3402.376372,4285.795159,3576.304564,3398.850154,3487.391916,3306.244644
AT1G58270,Q9SLV3,735.5592611,799.6513005,703.8184653,841.865589,827.3491219,858.1029188
AT1G60730,Q9ASZ9,731.1348445,632.7949268,749.1564646,702.8624824,702.0930795,764.5220747
AT1G61770,Q8GUN6,812.9865518,857.3689141,816.0839874,1003.288551,855.3669208,914.9198599
AT1G61800,A0A1P8AN56,4736.337979,4480.985634,4520.846216,2852.926663,2982.247482,2806.58978
AT1G62180,P92981,1723.310269,1145.956982,1685.062307,1571.631898,1600.310752,1688.63291
AT1G62290,A0A1P8AVA7,596.190138,557.2373236,579.6787053,581.7952606,667.4828573,531.4055077
AT1G62380,Q41931,21497.1342,23621.1957,21105.91815,20249.61385,20082.99348,21028.117
AT1G62570,Q93Y23,351.7411204,430.2585738,462.0158024,406.9203846,391.4251324,442.837923
AT1G63050,Q9CAN8,520.9750556,473.2844311,575.3608006,740.9762374,758.9527303,737.7846907
AT1G64400,Q9C7W4,144.8996439,150.0657952,116.5834268,134.5191354,93.94203177,147.0556122
AT1G65310,A0A1P8AQT8,675.8296369,710.4513523,664.9573231,644.5708571,575.1889314,640.8616735
AT1G65690,Q8LD98,138.263019,140.6210948,116.5834268,169.269912,131.8484656,144.5489824
AT1G65840,Q8H191,6362.311083,5742.377843,6140.060477,4047.904982,4079.885959,4080.793238
AT1G65980,Q9XEX2,6812.495473,8147.628212,6945.349702,9250.432544,8711.887367,8921.095291
AT1G66180,Q9C8C9,2693.36361,2300.309253,2527.053723,2706.076607,2765.521567,2508.30084
AT1G67940,Q9C9W0,257.7222674,392.4797722,319.5249474,381.1375503,376.59218,379.336636
AT1G68140,Q9C9X8,997.7059452,1070.399379,972.6080326,1106.419889,1056.435831,1037.744718
AT1G68650,Q9SX28,365.0143702,451.2467969,372.41928,355.354716,463.9417885,416.100539
AT1G70330,Q8VXY7,516.550639,377.788016,436.1083742,418.1303125,444.9885715,467.9042206
AT1G70520,Q9CAL3,189.14381,136.4234502,189.9878066,204.0206887,149.9776297,135.3580067
AT1G70850,Q9SSK7,1162.515464,1470.225029,1468.087596,966.2957892,963.3178521,932.4662681
AT1G70940,Q9S7Z8,3279.598811,2641.367878,3198.487903,3022.196575,3088.550308,3030.515371
AT1G71040,Q949X9,539.7788262,497.4208877,536.4996584,686.0475905,702.9171325,671.7767738
AT1G72150,Q56WK6,3705.44891,3850.28953,3767.371847,3540.095246,3570.62126,3484.215357
AT1G72480,Q9C9E6,1133.756756,947.6182735,1150.721601,1224.124132,1265.74527,1265.848025
AT1G72680,Q9CAI3,735.5592611,732.4889866,799.8918448,822.8087115,737.5273547,770.3708774
AT1G72730,Q9CAI7,857.2307179,735.63722,810.6866065,1162.469528,1110.823323,1144.694254
AT1G73400,Q9FX35,148.2179564,93.39759284,114.4244744,152.4550201,126.9041482,158.7532177
AT1G73600,Q9C6B9,3145.760209,2857.546577,3085.142905,3169.046631,3137.169429,3476.695468
AT1G74310,P42730,308.6030584,298.0327682,361.6245182,284.7321699,271.1134075,293.2756811
AT1G74720,B8XCH5,1279.762504,1066.201734,1454.054406,1414.692907,1522.849778,1353.580067
AT1G74790,Q9SSG3,949.0373625,950.7665069,1130.211554,885.584308,879.2644552,890.6891056
AT1G75040,P28493,34.28922872,47.223502,35.62271374,53.80765416,46.97101588,62.66574383
AT1G75680,Q8LCP6,2453.339009,2318.149243,2492.510485,2347.358913,2370.800223,2155.701588
AT1G76090,Q94JS4,1861.573288,2118.761123,1948.454494,2081.68362,2034.586635,2122.279858
AT1G76520,Q9C9K5,910.3237172,759.7736766,836.5940347,575.0693038,591.6699896,549.7874592
AT1G76790,Q9SRD4,1364.932524,1522.695587,1479.961834,1643.375437,1531.91436,1517.346544
AT1G77690,Q9CA25,841.7452597,742.9830981,763.1896549,976.3847244,922.9392595,926.6174654
AT1G78020,Q9SGZ8,1368.250836,1546.832043,1272.702409,1382.184116,1516.257355,1552.43936
AT1G78510,Q8S948,362.8021619,469.0867865,342.1939471,377.7745719,335.3895345,386.020982
AT1G79270,A0A1P8ARJ2,184.7193934,132.2258056,201.8620445,156.9389913,166.4586879,173.7929962
AT1G79730,F4HQA1,1077.345444,992.7429531,954.2569376,857.5594881,870.1998732,777.8907667
AT1G80240,Q9SSB7,127.2019775,194.1410638,148.967712,294.8211051,290.8906773,260.6894943
AT1G80640,Q0V7T5,1222.245088,1354.789802,1199.298029,1023.466422,1183.339979,993.4609255
AT5G01530,Q07473,109669.1206,114994.4744,102423.9378,115656.1896,128806.8863,123403.0538
AT5G02450,Q9LZ57,9904.056578,17407.63225,11737.14444,14303.86806,13690.81505,13854.14265
AT5G02490,P22954,1151.454422,1095.585246,1137.767887,1471.86354,1470.110392,1406.219291
AT5G03380,Q9LZF1,798.6071978,811.1948232,850.6272249,950.6018901,929.5316828,960.0391954
AT5G04830,Q9FMC7,665.8746996,939.2229842,702.7389891,732.0082951,804.2756404,852.254116
AT5G05180,F4JZ84,452.3965982,456.4938527,504.1153732,516.7776785,452.4050477,555.6362619
AT5G06530,Q93YS4,810.7743435,703.1054742,811.7660827,493.2368298,514.209016,534.7476807
AT5G06600,Q9FPT1,1978.820328,1580.4132,1941.977637,1955.011434,2115.343821,2017.001408
AT5G07030,F4K5B9,2112.658931,2059.994098,1952.772398,2666.841859,2819.909059,2662.040798
AT5G07440,Q38946,5302.663305,6357.33278,5146.942397,5238.399331,5374.473081,5398.444945
AT5G07990,Q9SD85,121.6714567,160.5599068,160.8419499,188.3267895,220.8461799,208.0502695
AT5G08400,F4KB18,680.2540535,777.6136663,757.792274,649.0548283,688.908233,737.7846907
AT5G08590,P43292,1174.68261,1134.413459,1173.390601,1052.612234,1072.092836,1009.336247
AT5G09870,Q8L778,2071.733077,1605.599068,2177.303443,1892.235838,1896.145747,1790.569187
AT5G11280,Q94AQ7,815.1987601,1147.006393,962.892747,1303.71462,1221.246413,1173.938268
AT5G12250,P29514,5759.48432,5621.69556,5737.415864,5776.475872,5711.510721,5417.66244
AT5G12470,Q94CJ5,4262.925402,4023.44237,4213.195506,4982.812973,4968.214996,5004.904074
AT5G13630,Q9FNB0,25228.0235,21633.61097,24913.23061,23316.65013,24925.95243,23242.30661
AT5G14780,Q9S7E4,2545.145654,2796.68073,2554.040627,2530.080738,2501.000583,2433.101947
AT5G14920,Q9LFR3,4434.371546,5438.048608,4298.474124,4612.885351,4573.493652,4335.63393
AT5G14930,Q4F883,194.6743308,177.3504853,180.272521,155.8179985,189.5321694,160.4243042
AT5G16140,Q9LF14,545.309347,666.3760838,671.4341801,624.3929868,595.7902541,701.8563309
AT5G16590,Q9FMD7,1166.93988,968.6064966,1188.503267,1129.960737,1191.580508,1122.134586
AT5G16870,Q1H5E3,275.4199339,321.1198136,295.7764716,280.2481987,319.7325292,316.6708921
AT5G17420,Q9SWW6,184.7193934,118.5834606,177.0340925,131.156157,131.8484656,106.1139929
AT5G18420,F4JWN4,1034.207382,924.531228,972.6080326,1080.637054,1045.723143,1051.11341
AT5G18470,Q94K76,40.92585363,53.51996893,50.73538017,47.08169739,43.67480424,51.80368156
AT5G19240,Q84VZ5,305.284746,334.7621586,257.9948055,285.8531627,346.9262752,313.3287191
AT5G19440,Q29Q34,2781.851943,3013.908839,2737.551577,3342.800514,3383.56125,3359.719412
AT5G19860,Q7XA63,1081.769861,1456.582684,1015.78708,1127.718752,1127.304381,1051.948953
AT5G20230,Q07488,215.6903097,266.5504335,243.9616153,366.5646439,371.6478625,336.7239302
AT5G20850,A0A1P8BGT9,154.8545813,138.5222725,166.2393308,149.0920417,149.9776297,160.4243042
AT5G22300,P46011,142.6874356,156.3622622,156.5240452,206.2626743,178.8194815,227.2677643
AT5G23210,A8MQN9,2107.12841,1880.544791,1936.580256,2211.718784,2257.080921,2259.308951
AT5G23300,P32746,1335.067712,1191.081662,1231.682314,1358.643267,1542.627048,1398.699402
AT5G23420,F4KCW4,487.7919311,500.5691212,419.9162316,551.5284551,537.2824975,538.0898537
AT5G23440,Q9FHL4,1069.602715,1372.629791,1052.489269,1117.629817,1043.250984,919.9331194
AT5G23575,Q8VZJ5,2299.590532,1819.678944,2397.516582,2499.813933,2522.425958,2541.72257
AT5G23820,Q9FF98,9487.055313,10299.97049,9027.659241,8550.93304,8429.237219,8311.148718
AT5G24530,Q9FLV0,78.5333948,66.1129028,86.3580939,100.8893515,83.22934394,114.4694254
AT5G24770,F4KII6,79.63949895,85.0023036,101.4707603,169.269912,140.9130477,157.9176744
AT5G28040,F4K5T4,627.1610542,541.4961563,554.8507533,697.2575184,599.9105187,569.0049539
AT5G35160,F4JYB8,2393.609385,1642.328458,2319.794297,3277.782932,2883.361133,2860.064548
AT5G35460,Q9FJB4,491.1102435,486.9267762,455.5389453,440.5501684,466.4139472,477.9307396
AT5G37600,Q56WN1,3237.566853,3746.397825,3299.958663,3189.224502,3154.47454,3342.173004
AT5G37720,A8MQ78,1066.284403,1273.985143,1085.953031,925.9400486,908.1063071,908.2355139
AT5G39050,Q940Z5,1045.268424,1204.724007,1010.389699,1291.3837,1333.317609,1204.017825
AT5G39580,Q9FKA4,530.929993,572.9784909,455.5389453,507.8097361,562.0040848,510.5169264
AT5G39790,A0A1R7T3C7,655.9197622,727.2419308,616.3808952,496.5998081,543.0508679,573.1826702
AT5G42650,Q96242,2091.642952,2015.91883,2081.230063,2496.450954,2562.804551,2683.764922
AT5G42800,P51102,351.7411204,321.1198136,435.028898,429.3402405,403.785926,480.4373693
AT5G43450,Q9LSW6,146.0057481,159.5104956,153.2856167,135.6401282,117.0155133,137.0290932
AT5G44070,Q9S7Z3,1099.467527,1112.375825,1112.939935,1011.135501,993.8078098,1006.829617
AT5G44340,P24636,16639.12476,16725.515,16916.47112,18290.11844,18479.38651,18176.40788
AT5G45280,Q9FH82,703.4822407,715.6984081,625.0167046,755.5491438,693.0284975,644.2038465
AT5G45590,Q8LAA7,546.4154511,584.5220136,452.3005168,608.6990876,675.7233864,726.9226284
AT5G45650,Q9FK76,237.8123927,183.6469522,237.4847582,260.0703284,292.5387831,286.5913351
AT5G46570,Q9LS26,493.3224518,566.682024,544.0559916,612.062066,572.7167726,604.9333137
AT5G47930,Q8L953,11495.74045,16019.26129,12828.49485,15062.78019,14826.35996,15516.03817
AT5G48540,Q9LV60,147.1118522,206.7339976,200.7825683,201.7787031,196.9486456,213.8990723
AT5G49760,Q8GZ99,974.477758,960.2112073,1037.376603,834.0186394,990.5115981,896.5379083
AT5G49850,Q9LTA8,186.9316017,218.2775204,189.9878066,184.9638112,196.9486456,170.4508232
AT5G50000,A0A1P8BAW5,1170.258193,1320.159234,1295.371409,1132.202723,1059.732043,1244.959444
AT5G50100,Q8W485,86.27612386,124.8799275,84.19914156,93.04240198,113.7193016,121.1537714
AT5G50200,Q9FGS5,431.3806193,461.7409084,503.035897,516.7776785,464.7658414,382.678809
AT5G51070,P42762,1051.905049,941.3218065,1071.919841,862.0434593,828.1731748,843.8986835
AT5G51440,Q9FGM9,507.7018058,581.3737802,530.0228013,508.9307289,476.3025821,439.49575
AT5G51970,Q9FJ95,2734.289464,3404.289789,2957.764716,3341.679522,3201.445556,3380.607994
AT5G52640,P27323,658.1319705,653.7831499,670.3547039,493.2368298,505.144434,551.4585457
AT5G52810,Q9FLY0,338.4678705,354.7009706,218.0541871,317.240961,313.9641588,299.9600271
AT5G54500,Q9LSQ5,2841.581567,3090.515853,2809.87648,2727.37547,2791.89126,2671.231774
AT5G54940,Q9FFT6,4351.413734,5447.493308,4252.056649,4217.174894,4202.669842,4611.363202
AT5G56100,Q9FKT7,201.3109557,219.3269315,196.4646636,236.5294797,262.8728784,305.8088299
AT5G56290,Q9FMA3,1225.563401,1033.669988,1184.185363,1136.686694,1000.400233,1109.601437
AT5G57090,Q9LU77,266.5711007,225.6233984,290.3790907,576.1902966,532.33818,498.8193209
AT5G57110,Q9LF79,2328.34924,1605.599068,2302.522679,2017.787031,2246.368233,2052.094225
AT5G57120,Q9LU74,527.6116806,598.1643587,465.2542309,839.6236034,750.7122012,870.6360676
AT5G57270,Q8W4D1,457.927119,387.2327164,519.2280396,451.7600964,426.8594075,415.2649958
AT5G58350,Q9LVL5,403.7280155,388.2821276,401.5651366,326.2089033,328.7971112,267.3738403
AT5G58470,Q94KD0,1713.355332,1773.504853,1946.295541,2339.511963,2297.459514,2267.664383
AT5G58770,Q56Y11,37.60754117,27.28469004,17.27161878,30.26680546,48.61912171,53.47476807
AT5G59910,P40283,8939.533757,12342.1246,9138.845287,10937.5267,10550.34941,10855.37792
AT5G60620,Q8GWG0,1116.059089,1328.554523,1169.072696,1025.708407,1096.814424,1087.04177
AT5G60660,Q9FF53,64.15404082,65.06349164,55.05328486,35.87176944,42.85075133,39.2705328
AT5G60990,Q8GY84,907.0054047,922.4324057,924.0316048,1035.797343,962.4937992,1077.850794
AT5G61160,Q9FNP9,170.3400394,181.5481299,165.1598546,218.593595,243.0956085,193.8460342
AT5G61530,Q3E875,679.1479494,767.1195547,788.0176069,634.4819219,618.8637356,656.7369953
AT5G61820,Q8VZ21,1343.916545,1169.044027,1424.908549,1060.459184,1076.213101,1028.553742
AT5G62670,Q9LV11,2261.982991,1772.455442,2291.727917,2119.797375,2089.79818,2019.508038
AT5G63000,Q84K84,463.4576397,619.1525818,379.9756132,468.5749883,516.6811747,443.6734663
AT5G64120,Q43387,1525.317626,1462.879151,1370.934741,1604.14069,1669.531196,1581.683374
AT5G64250,Q9FMG0,835.1086348,824.8371683,794.4944639,845.2285674,857.8390796,861.4450918
AT5G64260,Q9FE06,5959.689172,5808.490746,5439.48044,6330.246313,6605.608129,5703.418231
AT5G64370,Q8H183,839.5330514,789.157189,841.9914156,717.4353887,765.5451536,805.463694
AT5G64620,O49603,2005.366828,1949.805927,1686.141783,2274.494381,2463.918202,2246.775802
AT5G64650,Q1ECK2,849.4879888,879.4065483,740.5206552,865.4064377,827.3491219,760.3443584
AT5G65010,Q9LV77,11906.10509,11687.29204,12051.272,11168.45122,11438.67845,11199.62174
AT5G65270,Q9FJN8,852.8063013,1173.241672,875.4551769,905.7621783,851.2466563,831.3655348
AT5G66170,Q9FKW8,164.8095187,168.955196,174.8751402,196.1737391,208.4853863,182.1484287
AT3G01060,F4IYD5,1215.608463,1139.660515,1114.019411,1261.116894,1218.774254,1207.359998
AT3G01160,Q9MAC6,298.6481211,334.7621586,347.591328,397.9524422,385.656762,426.9626013
AT3G01290,Q9SRH6,1325.112774,1402.013304,1421.670121,1509.977295,1494.831979,1389.508426
AT3G01930,Q9S7R2,609.4633878,529.9526335,647.6857043,596.3681669,658.4182753,603.2622272
AT3G03330,Q8L7U0,553.052076,638.0419826,503.035897,508.9307289,451.5809948,513.8590994
AT3G05220,Q3E7M7,1858.254976,1662.26727,2085.547968,2271.131403,2260.377133,2179.096799
AT3G05230,Q9MA96,456.8210148,581.3737802,513.8306587,609.8200804,554.5876086,546.4452862
AT3G05500,Q9MA63,1682.384415,1886.841258,1639.724308,2022.271002,2015.633418,2026.192384
AT3G07568,Q8W482,910.3237172,1314.912178,940.2237474,1132.202723,1076.213101,1021.869396
AT3G08510,Q39033,2838.263254,2278.271619,2752.664243,2482.999041,2387.281281,2345.369906
AT3G09270,Q9SR36,650.3892414,781.8113109,703.8184653,890.0682792,849.5985505,757.8377287
AT3G09670,Q9SF36,189.14381,165.8069626,204.0209968,210.7466454,232.3829207,223.090048
AT3G09970,Q9SR62,897.0504674,971.75473,820.4018921,707.3464536,899.0417251,807.1347805
AT3G10020,Q9SR67,1038.631799,1503.806186,1042.773984,1345.191354,1318.484656,1278.381174
AT3G10260,Q9SS37,949.0373625,1045.213511,954.2569376,1026.8294,848.7744976,892.3601921
AT3G10520,O24521,4761.778375,4928.034786,4300.633076,4452.583381,4565.253123,4915.500946
AT3G10720,Q94CB1,942.4007376,864.7147922,967.2106517,872.1323944,894.0974076,835.543251
AT3G11340,Q9C768,264.3588924,300.1315905,269.8690434,469.6959811,488.6633758,465.3975908
AT3G11750,Q9SF23,122.7775609,208.83282,166.2393308,196.1737391,190.3562223,204.7080965
AT3G11930,F4J8J7,1153.666631,1271.886321,1248.953933,1405.724965,1393.473471,1404.548205
AT3G12110,P53496,1053.011153,997.9900089,918.6342239,927.0610414,1016.057238,973.4078874
AT3G12580,Q9LHA8,1465.588002,1612.944946,1393.60374,1377.700145,1428.907746,1360.264413
AT3G13224,Q8W4A6,490.0041394,416.6162288,451.2210406,452.8810891,463.1177356,445.3445528
AT3G13610,Q9LHN8,284.2687671,281.2421897,348.6708041,477.5429306,436.7480424,441.1668365
AT3G13920,A8MRZ7,25641.70645,24554.12222,25977.59412,33391.01238,33838.90871,32231.91645
AT3G14940,Q84VW9,1804.055872,1409.359182,1821.076305,1813.766342,1784.074551,1655.21118
AT3G14990,Q9FPF0,4535.027024,5430.70273,4783.158926,5554.519299,5505.497493,5358.338869
AT3G15352,A0A1I9LSX2,220.1147263,399.8256503,290.3790907,335.1768457,300.7793122,348.4215357
AT3G15500,Q9LDY8,53.0929993,46.17409084,29.14585669,42.59772621,26.36969313,34.25727329
AT3G15590,Q9LRP6,911.4298213,994.8417755,954.2569376,1106.419889,1066.324466,1148.036427
AT3G16460,O04310,5604.629739,4462.096233,5615.435056,4920.037377,4916.299663,4959.784738
AT3G16570,Q9LUS7,1944.531099,2013.820007,1971.123493,1965.100369,2015.633418,2001.961629
AT3G16857,Q940D0,866.0795511,755.576032,794.4944639,752.1861654,864.4315029,853.0896593
AT3G17609,A8MS70,87.38222802,105.9905267,82.04018921,124.4302002,147.5054709,101.9362766
AT3G18410,Q94C12,3260.79504,6143.252905,4413.978075,4893.13355,4552.068276,4730.845887
AT3G19010,Q9LJ65,581.810784,647.486683,517.0690872,637.8449003,656.7701695,672.6123171
AT3G19820,Q39085,13330.76724,13199.49351,13277.55694,14359.9177,14317.91932,14389.72587
AT3G22060,Q9LRJ9,202.4170598,188.894008,165.1598546,245.4974221,204.3651217,195.5171207
AT3G22270,F4J077,745.5141985,575.0773132,759.9512263,805.9938195,882.5606669,807.9703237
AT3G22370,Q39219,986.6449037,1183.735783,1046.012412,808.2358051,765.5451536,824.6811888
AT3G23540,A0A1I9LT44,699.0578241,599.2137698,642.2883234,642.3288715,602.3826774,668.4346008
AT3G23820,Q9LIS3,6000.615025,4878.712462,5471.864725,6175.549307,5868.904827,5842.953954
AT3G24830,Q9LRX8,22175.17604,28409.6588,23203.34036,28497.87883,27885.95048,28687.54198
AT3G26030,Q9ZQY6,1573.986208,1272.935732,1571.717309,1567.147927,1552.515683,1671.922045
AT3G27390,Q8GUM4,2191.192325,1673.810793,2008.905159,1926.986614,1780.778339,1903.367526
AT3G27960,Q9LII8,397.0913906,449.1479746,428.552041,388.9844998,380.7124445,370.9812035
AT3G28180,Q9LJP4,1893.650308,1700.046072,1929.023923,1618.713596,1709.085736,1609.256301
AT3G44300,P32962,464.5637439,458.592675,430.7109933,719.6773743,651.0017991,810.4769535
AT3G45620,Q9M1E5,490.0041394,511.0632327,469.5721356,385.6215215,384.0086562,438.6602068
AT3G45780,O48963,3604.793432,3121.998188,3456.482708,2945.969065,3106.679472,2931.921268
AT3G46280,Q8GYH9,559.688701,482.7291315,519.2280396,490.9948442,491.9595874,537.2543104
AT3G46290,Q9LX66,760.9996566,427.1103403,740.5206552,683.8056049,815.8123812,662.5857981
AT3G46510,Q9SNC6,1622.654791,1346.394513,1617.055308,1731.933868,1932.404075,1669.415416
AT3G48090,Q9SU72,272.1016214,261.3033777,294.6969954,351.9917376,363.4073334,314.1642624
AT3G48320,Q9STL2,61.94183252,39.87762391,49.65590399,65.01758211,47.7950688,55.14585457
AT3G48690,Q9SMN0,1693.445457,2071.537621,1672.108593,2287.946294,2293.339249,1880.807858
AT3G48740,Q9SMM5,2833.838838,2655.010224,2829.307051,3050.221395,3133.873218,3108.220894
AT3G49100,Q9SMU7,487.7919311,735.63722,550.5328486,661.385749,562.8281377,554.8007187
AT3G49220,A0A1I9LRM8,3768.496846,3320.336896,3806.232989,3830.43238,4002.424985,3611.217931
AT3G49720,Q9M2Y6,3359.23831,2816.619541,3201.726331,3426.874974,3401.690414,3235.223468
AT3G50480,Q9SCS6,411.4707446,516.3102885,440.4262789,601.9731309,571.0686668,574.0182135
AT3G50670,Q42404,1982.138641,1958.201216,2068.276349,1647.859409,1622.56018,1622.624993
AT3G50970,P42758,246.6612259,280.1927785,269.8690434,462.9700243,394.721344,342.5727329
AT3G51460,Q9C5G5,1096.149215,1285.528666,1046.012412,868.7694161,873.4960849,934.9728979
AT3G51550,Q9SCZ4,3972.02001,3238.482826,4255.295077,4106.196608,3961.22234,3841.827868
AT3G51790,Q96326,614.9939086,630.6961045,593.7118956,684.9265977,725.166561,749.4822962
AT3G53120,Q9SCP9,428.0623069,388.2821276,363.7834706,310.5150042,312.316053,306.6443731
AT3G53420,P43286,5575.871031,5420.208618,5062.743255,6013.005352,6093.871271,5745.195394
AT3G53980,Q9M329,972.2655497,1135.46287,985.5617467,1237.576046,1214.65399,1168.925008
AT3G54150,Q9M389,34.28922872,19.93881196,24.827952,26.90382708,23.07348149,35.09281654
AT3G56010,Q9LY44,2396.927698,2496.549139,2163.270252,2519.991803,2530.666487,2443.128466
AT3G56290,Q9LYL4,322.9824124,390.3809499,364.8629467,439.4291756,379.8883916,403.5673902
AT3G56460,Q9LXZ4,1988.775265,2362.224511,1963.56716,1940.438528,1963.718085,2020.343581
AT3G57260,P33157,37.60754117,30.43292351,15.11266643,49.32368298,39.55453969,38.43498955
AT3G58110,F4J4N6,377.1815159,456.4938527,349.7502803,404.678399,377.4162329,431.1403175
AT3G58600,Q84WV7,382.7120366,401.9244726,342.1939471,289.2161411,313.9641588,316.6708921
AT3G61260,Q9M2D8,1137.075068,1594.055545,1258.669219,1172.558463,1176.747556,1204.017825
AT3G61430,P61837,3838.181408,3840.844829,3763.053942,3452.657808,3536.835091,3403.167661
AT3G61580,Q9ZRP7,4266.243715,3878.623631,4058.830413,4254.167657,4280.130816,4272.132642
AT3G61980,Q9M267,277.6321422,303.279824,267.7100911,274.6432348,318.0844234,264.8672106
AT3G61990,Q9M266,675.8296369,675.8207842,630.4140855,678.2006409,749.8881483,698.5141579
AT3G62300,F4IY86,442.4416608,396.6774168,518.1485634,521.2616496,472.1823176,437.8246635
AT3G62600,Q9LZK5,1175.788714,1220.465174,1117.25784,1338.465397,1344.030297,1431.285589
AT3G62700,Q9LZJ5,1293.035754,1091.387602,1451.895454,1180.405413,1127.304381,1091.219486
AT3G62830,Q9LZI2,1270.913671,1641.279047,1334.232551,1438.233756,1297.883334,1194.826849
AT3G63030,Q9LYB9,214.5842055,285.4398343,191.0672828,228.6825302,217.5499683,182.983972
AT3G63260,O22100,1044.16232,741.933687,988.8001752,776.8480069,823.2288573,832.201078
AT3G63500,Q84TI3,756.57524,527.8538112,793.4149877,761.1541078,792.7388997,774.5485937
AT2G01420,A0A1P8AY30,1389.266815,1141.759337,1463.769692,1166.9535,1206.413461,1131.325562
AT2G01530,Q9ZVF2,154.8545813,221.4257538,180.272521,175.9958688,162.3384233,123.6604012
AT2G02390,Q9ZVQ3,564.1131176,606.5596479,566.7249912,723.0403527,749.0640954,695.1719849
AT2G03760,P52839,962.3106123,862.6159699,883.0115102,789.1789276,862.783397,906.5644274
AT2G04160,Q9ZSP5,1268.701462,962.3100296,1256.510266,1147.896622,1184.164032,1234.932925
AT2G05380,A0A1P8B1B5,29360.42861,47175.22909,37734.16913,37187.81498,33179.66638,35645.11063
AT2G10940,Q9SKI0,43143.59245,43150.7373,43605.44004,42954.20192,45104.53604,40249.78949
AT2G12400,Q8H0U2,485.5797228,299.0821793,368.1013753,382.2585431,327.1490054,343.4082762
AT2G13600,Q9SIT7,212.3719972,115.4352271,164.0803784,206.2626743,197.7726985,239.800913
AT2G15490,Q7Y232,134.9447066,135.3740391,138.1729502,252.2233789,199.4208043,227.2677643
AT2G17120,O23006,408.1524321,495.3220654,371.3398038,493.2368298,343.6300636,375.1589197
AT2G17560,Q42344,1811.798601,2041.104698,1885.844876,2349.600898,2292.515196,2304.428286
AT2G17760,Q8VYV9,472.3064729,377.788016,530.0228013,554.8914335,465.5898943,529.7344211
AT2G17800,Q38902,658.1319705,823.7877571,697.3416083,772.3640357,742.4716721,722.7449121
AT2G20000,Q8LGU6,435.8050359,329.5151028,437.1878504,384.5005287,393.0732382,407.7451065
AT2G20230,Q93XY5,2197.82895,2594.144376,2121.170681,1960.616398,1877.19253,1877.465685
AT2G20330,Q9SK69,861.6551345,773.4160216,783.6997022,879.979344,953.4292172,846.4053133
AT2G20960,Q9SKR5,822.9414892,770.2677882,779.3817975,765.6380789,922.1152066,748.6467529
AT2G23170,O22190,838.4269473,812.2442344,803.1302733,950.6018901,894.9214605,853.0896593
AT2G23540,O80470,369.4387868,334.7621586,320.6044236,306.031033,266.16909,244.8141726
AT2G23940,O82222,494.428556,706.2537077,522.4664681,591.8841957,581.7813546,690.1587253
AT2G24090,Q8VZ55,18312.66034,20547.47043,17815.67477,19494.0647,19451.76895,19454.78906
AT2G24500,Q9ZQ18,1641.458562,1838.568345,1882.606447,2030.117952,2095.566551,2170.741366
AT2G24940,Q9SK39,3406.800788,5409.714507,3797.597179,4399.89672,4115.320234,4133.432463
AT2G25140,Q8VYJ7,276.526038,299.0821793,316.2865189,298.1840834,278.5298837,280.7425323
AT2G25270,Q1PF01,411.4707446,370.4421379,462.0158024,440.5501684,421.9150901,428.6336878
AT2G26100,Q66GS2,351.7411204,336.8609809,371.3398038,408.0413774,383.1846033,444.5090095
AT2G26640,O48780,1294.141858,1153.30286,1216.569648,1305.956606,1487.415503,1269.190198
AT2G26740,Q42566,1696.763769,1569.919089,1591.14788,1787.983508,1700.845207,1635.158142
AT2G26910,O81016,1799.631455,1428.248583,1954.931351,1483.073468,1325.901133,1402.041575
AT2G27660,Q9ZUW8,68.57845743,53.51996893,89.59652242,75.10651726,62.62802118,72.69226284
AT2G28900,Q9ZV24,10339.86161,13791.36141,11188.77054,10463.34675,10238.85741,10966.50517
AT2G29340,F4IKM1,2172.388555,2129.255235,2369.450201,2295.793244,2126.880561,2519.162902
AT2G29490,Q9ZW30,408.1524321,407.1715284,327.0812807,338.5398241,366.7035451,346.7504492
AT2G29550,P29515,3983.081052,3532.31795,3659.424229,4140.947384,4088.126488,4034.002816
AT2G29750,O82381,126.0958733,128.028161,158.6829975,142.366085,158.2181588,146.2200689
AT2G30010,A0A1P8AZP4,898.1565715,964.4088519,936.9853188,869.8904089,890.801196,909.0710571
AT2G30140,O64733,808.5621352,627.547871,613.1424667,883.3423224,747.4159896,747.8112097
AT2G30620,P26569,5901.065651,6372.024536,5722.303197,5497.348666,5483.248065,5654.12118
AT2G30740,O49339,763.2118649,812.2442344,769.6665119,714.0724104,806.7477991,667.5990576
AT2G30930,O80858,995.4937369,1386.272136,1004.992318,941.6339477,856.1909738,860.6095486
AT2G31880,Q9SKB2,379.3937242,275.9951339,351.9092327,348.6287592,250.5120847,371.8167467
AT2G32520,A0A1P8AZP9,2158.009201,2771.494862,2168.667633,2331.665013,2422.715556,2446.470639
AT2G32580,F4ITS6,639.3281999,887.8018376,691.9442274,615.4250444,587.549725,659.2436251
AT2G35190,Q944A9,581.810784,540.4467451,656.3215137,661.385749,632.8726351,630.8351545
AT2G35820,A0A1P8B223,368.3326826,481.6797204,399.4061843,367.6856367,407.9061906,420.2782553
AT2G36290,Q9SJM9,931.3396961,1026.32411,1015.78708,1205.067255,1122.360064,1143.858711
AT2G36410,Q3EBM1,1195.698588,1114.474647,1137.767887,1153.501586,1175.09945,1194.826849
AT2G36800,Q9ZQ94,1070.708819,926.6300503,957.4953662,814.9617619,808.395905,878.9915001
AT2G37170,A0A1P8AYA1,3113.683188,3457.809758,3339.899282,3814.738481,3447.013324,3609.546844
AT2G37180,P30302,415.8951612,457.5432638,459.85685,541.4395199,616.3915769,632.506241
AT2G37760,O80944,846.1696764,971.75473,795.5739401,712.9514176,815.8123812,782.9040262
AT2G37970,F4IRX7,222.3269346,274.9457228,213.7362824,284.7321699,227.4386032,249.8274321
AT2G38390,O80912,460.1393273,495.3220654,469.5721356,153.5760129,220.8461799,169.61528
AT2G38860,Q9ZV19,571.8558466,732.4889866,630.4140855,710.709432,729.2868256,782.068483
AT2G38870,Q9ZV18,568.5375342,1144.907571,819.3224159,1020.103443,950.9570584,933.3018114
AT2G39390,O80626,7384.351319,10489.91391,7609.227549,9938.72212,9258.234447,9860.245905
AT2G39840,P48484,551.9459719,577.1761355,525.7048966,659.1437634,631.2245293,606.6044002
AT2G40110,Q8LE51,179.1888726,242.4139769,282.8227575,172.6328904,145.8573651,166.273107
AT2G40140,Q9XEE6,1637.034145,1475.472085,1734.718211,1344.070361,1417.371006,1338.540288
AT2G40590,P49206,4502.950003,5720.340209,4982.862018,5627.383831,5722.223409,5921.49502
AT2G41090,P30187,2385.866656,2947.795936,2366.211773,2424.707415,2422.715556,2587.677448
AT2G41100,F4IJ44,2497.583175,2808.224252,2614.491293,3332.711579,3219.57472,2990.409295
AT2G41380,Q9ZVC3,362.8021619,473.2844311,301.1738525,338.5398241,309.8438943,340.0661032
AT2G41410,P30188,3487.546392,3778.929571,3356.091424,4907.706456,4650.954626,4246.230802
AT2G41730,O22947,224.5391429,342.1080367,242.8821391,300.426069,248.8639789,244.8141726
AT2G43150,Q9ZW80,2068.414764,3809.362495,2773.17429,3544.579218,3287.971112,2967.849628
AT2G43510,Q42328,280.9504546,455.4444415,337.8760424,294.8211051,270.2893546,350.0926222
AT2G43610,O22842,118.3531443,128.028161,128.4576647,385.6215215,334.5654816,372.65229
AT2G43620,O22841,1100.573631,1265.589854,1141.006316,1290.262707,1252.560424,1257.492593
AT2G43760,O22827,911.4298213,981.1994304,784.7791783,1012.256494,1012.761027,1077.850794
AT2G43910,Q0WP12,5022.818955,6318.504568,5493.454248,5680.070492,5549.996351,5620.69945
AT2G43940,Q6AWU6,269.8894131,340.0092144,241.8026629,286.9741555,234.8550794,281.5780756
AT2G44210,O64856,1604.957125,1518.497942,1539.333024,1433.749785,1463.517969,1444.654281
AT2G44290,O64864,297.5420169,274.9457228,311.9686142,650.1758211,626.2802118,600.7555975
AT2G44490,O64883,2899.098983,3001.315905,3049.520191,2821.538865,3037.459027,3116.576326
AT2G47380,O22912,1679.066103,3186.012268,2174.065014,2321.576078,2390.577493,2361.245227
AT2G47730,Q96266,7394.306257,7597.736766,6578.327803,8117.108828,7740.328986,7600.936955
AT4G00360,O23066,846.1696764,706.2537077,811.7660827,579.553275,585.9016192,577.3603865
AT4G00400,Q5XF03,816.3048642,1009.533532,888.408891,790.2999204,825.7010161,858.1029188
AT4G00710,Q8W4L3,2056.247619,1753.566041,2056.402111,1672.52125,1734.631376,1747.956481
AT4G00810,O23095,8849.939321,13431.41338,10076.91008,11902.7015,11501.30647,11913.17567
AT4G01320,A0A1P8B870,2124.826076,1957.151805,2269.058917,2435.917343,2240.599863,2420.568798
AT4G01700,Q9ZSI6,204.6292681,225.6233984,202.9415207,264.5542996,279.3539366,261.5250376
AT4G01870,Q9SYI5,673.6174286,635.9431603,715.6927032,661.385749,602.3826774,569.0049539
AT4G02220,Q93VB4,741.0897819,787.0583667,879.7730816,995.4416019,946.012741,917.4264896
AT4G02330,Q8RXK7,463.4576397,437.6044519,532.1817537,541.4395199,527.3938626,540.5964834
AT4G04020,O81439,2421.261989,2385.311557,2287.410012,2324.939057,2302.403831,2276.019816
AT4G04570,F4JGE0,925.8091753,732.4889866,800.971321,735.3712735,786.9705293,832.201078
AT4G04750,A0A1P8B6H7,101.761582,82.90348129,102.5502365,124.4302002,97.23824341,143.7134392
AT4G04830,Q9ZS91,1152.560526,1559.424977,1275.940837,1678.126214,1656.34635,1549.097187
AT4G08810,Q9LE45,1356.08369,1071.44879,1180.946934,1480.831482,1325.901133,1361.935499
AT4G08850,Q8VZG8,1366.038628,1182.686372,1454.054406,1443.83872,1534.386519,1471.391665
AT4G10760,O82486,488.8980352,515.2608774,517.0690872,430.4612332,559.5319261,471.2463936
AT4G12470,Q9SU35,8415.240389,10936.96306,8909.996338,9648.384986,9646.363367,8871.798239
AT4G12490,Q9SU34,113.9287277,178.3998964,94.99390329,210.7466454,209.3094392,181.3128855
AT4G12510,Q9S7U3,108.3982069,112.2869936,139.2524264,85.19545241,127.7282011,105.2784496
AT4G12720,Q9SU14,915.8542379,1128.116992,1009.310222,1398.999008,1414.074794,1457.18743
AT4G13010,Q9SV68,1333.961607,1637.081403,1447.577549,1509.977295,1602.78291,1523.195347
AT4G13770,P48421,5447.562949,5875.65306,5570.097057,6708.020885,6448.214023,6303.338286
AT4G14360,Q93YV7,1638.140249,1398.86507,1545.809881,1678.126214,1756.880805,1550.768274
AT4G14960,P29511,24671.65311,24441.83522,23639.44873,27419.48376,26657.28759,27231.19009
AT4G16190,Q9SUL1,3755.223596,3348.670997,3330.183996,3073.762244,3277.258424,3218.512603
AT4G16580,Q9SUK9,525.3994722,535.1996893,580.7581815,627.7559652,578.485143,560.6495214
AT4G16770,F4JML2,237.8123927,226.6728096,204.0209968,174.874876,192.0043281,177.9707125
AT4G18030,Q94EJ6,3025.194856,2916.313601,3274.051235,3443.689866,3788.995281,3518.47263
AT4G19810,O81862,534.2483055,529.9526335,515.9896111,475.300945,546.3470795,486.2861721
AT4G19840,O81865,987.7510078,1102.931124,958.5748423,1177.042435,1077.861207,1178.115984
AT4G19880,Q8H121,1710.037019,1820.728355,1710.969735,1720.72394,1673.651461,1679.441935
AT4G21560,O65421,541.9910345,508.9644104,548.3738963,534.7135632,515.0330689,584.0447325
AT4G21810,Q8VZ96,662.5563871,686.3148957,640.1293711,698.3785112,644.4093758,599.084511
AT4G21850,Q84JT6,2094.961264,2322.346887,2203.210871,1983.036254,1798.08345,1995.277283
AT4G22666,Q1G3I0,18.80377059,23.08704542,17.27161878,16.81489192,23.8975344,25.90184078
AT4G22880,Q96323,287.5870795,369.3927268,295.7764716,326.2089033,293.3628361,329.2040409
AT4G23400,Q8LAA6,1520.893209,1318.060411,1495.074501,1164.711514,1180.043767,1097.903832
AT4G23570,Q9SUR9,826.2598016,966.5076743,834.4350823,781.3319781,873.4960849,818.832386
AT4G24130,O22978,381.6059325,532.0514559,477.1284688,369.9276223,350.2224869,347.5859924
AT4G24690,Q9SB64,5517.247511,4988.900633,5328.294394,5319.110812,5372.824975,5390.925056
AT4G25960,Q8LPK2,806.3499269,729.3407531,927.2700333,652.4178066,580.1332488,570.6760404
AT4G26200,Q9STR4,275.4199339,217.2281092,207.2594254,219.7145878,206.0132276,207.2147263
AT4G26570,Q8LEM7,1078.451548,1098.73348,1019.025508,920.3350846,927.883577,985.105493
AT4G26910,Q8H107,2368.16899,2057.895276,2387.801296,2456.095214,2426.835821,2479.892369
AT4G27340,Q6NQ64,821.835385,796.5030671,815.0045112,726.4033311,734.231143,726.9226284
AT4G27440,P21218,35873.16986,32137.16723,33547.96053,33989.62253,35229.91002,33411.70352
AT4G29130,Q42525,2162.433617,2217.405772,2215.085109,2368.657776,2288.394932,2216.696245
AT4G29520,Q9SU93,593.9779297,663.2278503,539.7380869,629.9979507,622.9840002,599.9200542
AT4G30270,P24806,3635.764348,3382.252154,3582.781421,3407.818097,3254.184943,3051.403953
AT4G30440,Q9M0B6,5663.253259,4847.230127,5746.051673,5571.334191,5382.71361,5310.712904
AT4G30530,Q9M0A7,3062.802397,3708.619024,2908.108812,3611.838785,3376.968826,3558.578706
AT4G31340,F4JRY9,2889.144045,2323.396298,2694.37253,2731.859441,2819.909059,2744.75958
AT4G32410,O48946,8283.613995,5949.111841,8333.556062,7824.529709,7808.725378,7874.995141
AT4G32940,Q39119,882.6711134,720.9454639,851.7067011,752.1861654,727.6387198,740.2913204
AT4G33050,B3H796,589.5535131,537.2985116,535.4201822,519.019664,542.226815,597.4134245
AT4G33360,F4JIW8,1650.307395,1632.883758,1591.14788,1725.207911,1578.885376,1654.375637
AT4G33540,Q8RWE1,1286.399129,1356.888624,1189.582744,1104.177903,1160.266498,1113.779154
AT4G34131,Q8W491,196.8865391,192.0422415,173.795664,193.9317535,195.3005397,191.3394045
AT4G34135,Q94C57,1015.403612,1115.524058,978.0054135,854.1965097,765.5451536,810.4769535
AT4G34138,Q8VZE9,636.0098875,381.9856606,560.2481342,523.5036352,523.273598,470.4108503
AT4G34215,Q8L9J9,937.976321,966.5076743,904.6010336,881.1003368,833.9415452,884.8403028
AT4G34230,F4JKM2,672.5113245,885.7030153,771.8254643,773.4850285,696.3247092,715.2250229
AT4G35100,P93004,14903.64735,14902.68782,13422.20674,14014.65192,13860.56995,13559.19588
AT4G37070,O23179,127.2019775,163.7081403,163.0009022,82.95346682,87.34960849,97.75856037
AT4G37160,O23170,6.636624913,31.48233467,25.90742817,24.66184149,37.90643387,17.54640827
AT4G37280,Q94C32,476.7308896,469.0867865,469.5721356,380.0165575,382.3605504,446.180096
AT4G37760,Q8VYH2,407.046328,432.3573961,426.3930886,406.9203846,473.0063705,432.811404
AT4G38540,O81816,15.48545813,11.54352271,29.14585669,30.26680546,23.07348149,26.73738403
AT4G38670,A8MS42,322.9824124,334.7621586,290.3790907,327.3298961,304.0755239,327.5329544
AT4G38770,Q9T0I5,8268.128537,9410.069832,9382.806903,9931.996163,8942.622182,8386.347611
AT4G39080,Q8W4S4,6516.05956,5187.239342,6625.824755,6357.15014,6589.12707,6030.115643
AT4G39090,P43296,14468.94841,15451.52985,14102.27673,14048.28171,13900.12449,13425.50896
AT4G39940,O49196,1837.238997,1997.029429,1886.924352,1799.193436,1770.889704,1599.229782
AT1G03990,0,43.1380619,48.2729132,53.9738087,23.5408487,23.0734815,20.053038
AT1G05340,0,155.960685,159.510496,170.557236,84.0744596,89.8217672,67.6790033
AT1G08310,0,175.87056,116.484638,148.967712,66.1385749,47.7950688,89.4031279
AT1G10520,0,37.6075412,48.2729132,59.3711896,17.9358847,19.7772699,27.5729273
AT1G14660,0,94.0188529,70.3105474,109.027094,35.8717694,55.211545,43.4482491
AT1G17960,0,81.8517073,81.8540701,46.4174755,25.7828343,23.8975344,17.5464083
AT1G28715,0,80.7456031,91.2987705,88.5170463,43.718719,28.8418519,45.9548788
AT1G45229,0,53.0929993,41.9764462,47.4969517,17.9358847,25.5456402,19.2174948
AT1G53540,0,39.8197495,75.5576032,57.2122372,23.5408487,19.7772699,21.7241245
AT1G66725,0,42.0319578,60.865847,43.179047,11.209928,22.2494286,16.710865
AT5G01080,0,56.4113118,83.9528924,71.2454275,22.4198559,40.3785926,39.2705328
AT5G01670,0,138.263019,181.54813,130.616617,66.1385749,62.6280212,69.3500898
AT5G03830,0,118.353144,125.929339,173.795664,70.6225461,67.5723386,70.1856331
AT5G05430,0,55.3052076,37.7788016,48.5764278,19.0568775,19.7772699,27.5729273
AT5G07100,0,49.7746868,71.3599586,53.9738087,30.2668055,20.6013228,28.4084705
AT5G14130,0,28.758708,45.1246797,45.3379993,21.2988631,10.7126878,16.710865
AT5G14330,0,381.605933,593.966714,469.572136,280.248199,210.133492,216.405702
AT5G18040,0,176.976664,163.70814,140.331903,65.0175821,76.6369207,87.7320414
AT5G24140,0,79.639499,71.3599586,75.5633322,33.6297839,26.3696931,32.5861868
AT5G36925,0,35.3953329,66.1129028,31.304809,7.84694956,25.5456402,19.2174948
AT5G37990,0,90.7005405,91.2987705,127.378189,24.6618415,31.3140106,27.5729273
AT5G43160,0,96.2310612,38.8282128,66.9275228,35.8717694,33.7861693,30.079557
AT5G47990,0,315.239683,433.406807,368.101375,206.262674,156.570053,157.082131
AT5G48010,0,214.584206,163.70814,185.669902,90.8004164,99.7104021,79.3766089
AT5G57240,0,77.4272907,74.508192,77.7222845,32.5087911,34.6102222,28.4084705
AT5G58200,0,578.492472,672.672551,561.32761,272.401249,304.075524,317.506435
AT5G63560,0,107.292103,90.2493594,146.80876,25.7828343,43.6748042,23.395211
AT5G66610,0,54.1991035,50.3717355,39.9406184,24.6618415,17.3051111,28.4084705
AT5G66620,0,71.8967699,33.581157,42.0995708,15.6938991,18.9532169,14.2042353
AT3G05685,0,53.0929993,68.2117251,60.4506657,28.0248199,33.7861693,23.395211
AT3G06390,0,147.111852,154.26344,114.424474,78.4694956,30.4899577,66.8434601
AT3G17700,0,111.716519,131.176394,125.219236,63.8965893,54.3874921,60.9946573
AT3G22460,0,44.2441661,72.4093697,55.0532849,13.4519135,18.9532169,28.4084705
AT3G44540,0,66.3662491,65.0634916,82.0401892,32.5087911,32.9621164,30.9151003
AT3G48260,0,56.4113118,96.5458263,48.5764278,33.6297839,36.2583281,29.2440138
AT3G50845,0,42.0319578,82.9034813,62.6096181,20.1778703,41.2026455,26.737384
AT3G58550,0,193.568227,258.155144,177.034093,57.1706325,48.6191217,40.1060761
AT3G59320,0,124.989769,123.830516,115.503951,48.2026902,47.7950688,55.9813978
AT2G04050,0,460.139327,377.788016,439.346803,173.753883,187.884064,189.668318
AT2G18370,0,233.387976,231.919865,242.882139,128.914171,89.8217672,96.0874739
AT2G21430,0,43.1380619,60.865847,52.8943325,26.9038271,23.0734815,28.4084705
AT2G25240,0,68.5784574,91.2987705,55.0532849,32.5087911,39.5545397,20.8885813
AT2G25590,0,118.353144,114.385816,106.868141,47.0816974,51.0912804,63.5012871
AT2G42640,0,130.52029,68.2117251,97.1528556,52.6866614,46.9710159,38.4349896
AT2G45135,0,61.9418325,86.0517148,58.2917134,36.9927622,36.2583281,29.2440138
AT4G01593,0,67.4723533,81.8540701,63.6890943,24.6618415,29.6659048,30.079557
AT4G03205,0,384.924245,401.924473,424.234136,195.052746,191.180275,184.655059
AT4G13880,0,38.7136453,39.8776239,62.6096181,28.0248199,22.2494286,10.8620623
AT4G17680,0,216.796414,252.908089,220.21314,142.366085,112.071196,90.2386711
AT4G24890,0,67.4723533,65.0634916,79.8812369,28.0248199,34.6102222,32.5861868
AT4G25200,0,24.3342914,43.0258574,34.5432376,16.8148919,2.47215873,15.8753218
AT4G36270,0,67.4723533,73.4587809,87.4375701,33.6297839,24.7215873,26.737384
AT4G36280,0,111.716519,68.2117251,120.901332,20.1778703,42.0266984,49.2970518
ATMG00160,0,68.5784574,103.891704,64.7685704,44.8397118,32.9621164,37.5994463
ATMG01360,0,49.7746868,66.1129028,55.0532849,16.8148919,15.6570053,22.5596678
ATCG00400,0,228.96356,112.286994,188.90833,85.1954524,93.9420318,64.3368303
AT1G02390,0,14.379354,17.8399896,8.63580939,29.1458127,36.2583281,35.9283598
AT1G03840,0,109.504311,74.508192,74.483856,153.576013,159.042212,203.03701
AT1G04610,0,29.8648121,44.0752685,44.2585231,88.5584308,65.1001799,86.8964981
AT1G05280,0,28.758708,22.0376343,22.6689997,58.2916253,60.9799154,46.7904221
AT1G17285,0,22.122083,19.938812,11.8742379,78.4694956,59.3318095,86.0609549
AT1G49860,0,86.2761239,74.508192,87.4375701,235.408487,243.919661,259.853951
AT1G53470,0,92.9127488,143.769328,145.729284,294.821105,324.676847,314.164262
AT1G54000,0,929.127488,920.333583,1021.18446,2008.81909,1910.9787,1828.16863
AT1G54890,0,27.6526038,57.7176136,17.2716188,117.704244,78.2850265,76.0344358
AT1G56680,0,66.3662491,47.223502,85.2786177,183.842818,201.06891,140.371266
AT1G59940,0,18.8037706,23.0870454,25.9074282,50.4446758,44.4988572,49.2970518
AT1G74500,0,108.398207,96.5458263,148.967712,348.628759,360.111122,336.72393
AT1G76470,0,7.74272907,17.8399896,16.1921426,51.5656686,32.9621164,61.8302006
AT1G76952,0,22.122083,38.8282128,21.5895235,53.8076542,60.9799154,60.1591141
AT5G05640,0,67.4723533,49.3223243,53.9738087,130.035164,83.2293439,134.522463
AT5G09980,0,38.7136453,72.4093697,55.0532849,137.882114,124.431989,81.0476954
AT5G10130,0,56.4113118,67.162314,47.4969517,197.294732,152.449788,181.312886
AT5G10230,0,23.2281872,35.6799793,17.2716188,62.7755965,65.9242328,50.9681383
AT5G10510,0,97.3371654,70.3105474,102.550237,179.358847,172.227058,202.201467
AT5G13910,0,106.185999,64.0140805,91.7554748,233.166501,153.273841,142.877896
AT5G14150,0,14.379354,25.1858677,28.0663805,58.2916253,49.4431746,53.4747681
AT5G17430,0,37.6075412,27.28469,42.0995708,86.3164452,59.3318095,73.5278061
AT5G19520,0,162.59731,161.609318,205.100473,363.201666,399.665662,439.49575
AT5G19875,0,32.0770204,53.5199689,62.6096181,99.7683588,103.006614,135.358007
AT5G33355,0,112.822624,123.830516,88.5170463,542.560513,648.52964,601.591141
AT5G45095,0,75.2150823,57.7176136,106.868141,218.593595,175.52327,161.259847
AT5G45840,0,27.6526038,24.1364566,30.2253329,44.8397118,61.8039683,60.1591141
AT5G48940,0,146.005748,113.336405,161.921426,335.176846,288.418519,263.196124
AT5G50300,0,55.3052076,44.0752685,62.6096181,163.664948,144.209259,147.055612
AT5G51810,0,38.7136453,51.4211466,45.3379993,100.889352,89.8217672,86.8964981
AT5G54720,0,38.7136453,11.5435227,32.3842852,56.0496398,63.4520741,55.1458546
AT5G56540,0,149.324061,171.054018,223.451568,441.671161,444.988572,450.357812
AT5G63660,0,75.2150823,108.089349,100.391284,308.273019,253.808296,292.440138
AT3G01516,0,12.1671457,46.1740908,39.9406184,57.1706325,93.9420318,60.9946573
AT3G04320,0,5.53052076,27.28469,19.4305711,47.0816974,37.082381,55.1458546
AT3G04570,0,251.085643,269.698667,277.425377,535.834556,527.393863,536.418767
AT3G11260,0,14.379354,36.7293904,17.2716188,47.0816974,53.5634392,65.1723736
AT3G14540,0,19.9098747,17.8399896,9.71528556,40.3557406,35.4342751,43.4482491
AT3G15240,0,108.398207,115.435227,105.788665,297.063091,262.872878,235.623197
AT3G16360,0,58.6235201,48.2729132,32.3842852,106.494316,97.2382434,103.607363
AT3G20840,0,18.8037706,15.7411673,37.7816661,82.9534668,73.340709,84.3898684
AT3G20940,0,21.0159789,18.8894008,24.827952,57.1706325,65.9242328,59.3235708
AT3G04175,0,42.0319578,19.938812,25.9074282,62.7755965,69.2204445,54.3103113
AT3G24080,0,289.799288,404.023295,342.193947,782.452971,727.63872,699.349701
AT3G26610,0,35.3953329,39.8776239,55.0532849,80.7114812,96.4141905,96.0874739
AT3G47200,0,17.6976664,27.28469,22.6689997,81.832474,63.4520741,60.9946573
AT3G47340,0,40.9258536,17.8399896,28.0663805,76.2275101,75.8128677,81.8832386
AT3G48340,0,39.8197495,54.5693801,31.304809,82.9534668,98.0622963,108.620623
AT3G50230,0,22.122083,10.4941116,31.304809,32.5087911,66.7482857,50.1325951
AT3G57010,0,377.181516,313.773936,364.862947,693.89454,682.31581,745.30458
AT3G59930,0,1445.67813,1914.12595,1579.27364,4760.8564,5070.39756,5141.93317
AT3G61400,0,26.5464997,6.29646693,17.2716188,44.8397118,33.7861693,43.4482491
AT3G62760,0,21.0159789,22.0376343,24.827952,68.3805605,82.405291,79.3766089
AT2G03965,0,25.4403955,32.5317458,32.3842852,86.3164452,89.8217672,81.8832386
AT2G06200,0,43.1380619,34.6305681,21.5895235,67.2595677,82.405291,70.1856331
AT2G12646,0,65.260145,76.6070144,82.0401892,262.312314,235.679132,246.485259
AT2G14820,0,19.9098747,9.4447004,23.7484758,50.4446758,46.9710159,40.9416193
AT2G16230,0,14.379354,13.642345,18.351095,56.0496398,40.3785926,35.9283598
AT2G23050,0,74.1089782,60.865847,83.1196654,274.643235,291.71473,325.861868
AT2G27690,0,70.7906657,57.7176136,62.6096181,105.373323,145.033312,137.864636
AT2G30130,0,12.1671457,18.8894008,31.304809,56.0496398,33.7861693,53.4747681
AT2G30340,0,19.9098747,32.5317458,17.2716188,59.4126181,45.3229101,65.1723736
AT2G30750,0,22.122083,53.5199689,38.8611423,82.9534668,79.1090794,91.0742144
AT2G31083,0,22.122083,37.7788016,29.1458567,172.63289,119.487672,146.220069
AT2G33790,0,107.292103,146.917562,115.503951,487.631866,393.073238,428.633688
AT2G34020,0,73.002874,71.3599586,85.2786177,169.269912,193.652434,130.344747
AT2G36090,0,84.0639156,74.508192,51.8148563,132.27715,148.329524,145.384526
AT2G41800,0,180.294977,194.141064,199.703092,419.251305,393.073238,425.291515
AT2G42660,0,22.122083,17.8399896,20.5100473,34.7507766,46.9710159,66.0079168
AT2G47270,0,35.3953329,41.9764462,51.8148563,110.978287,90.6458201,103.607363
AT4G12050,0,63.0479367,70.3105474,89.5965224,174.874876,133.496572,179.641799
AT4G13620,0,33.1831246,20.9882231,29.1458567,88.5584308,75.8128677,80.2121521
AT4G14690,0,119.459248,126.97875,102.550237,251.102386,269.465302,276.564816
AT4G15150,0,36.501437,22.0376343,35.6227137,87.437438,75.8128677,90.2386711
AT4G15330,0,35.3953329,30.4329235,30.2253329,51.5656686,58.5077566,91.9097576
AT4G23170,0,86.2761239,92.3481817,52.8943325,160.30197,156.570053,175.464083
AT4G25250,0,22.122083,15.7411673,15.1126664,44.8397118,31.3140106,42.6127058
AT4G28410,0,33.1831246,46.1740908,43.179047,131.156157,159.042212,117.811598
AT4G28650,0,34.2892287,29.3835124,25.9074282,62.7755965,63.4520741,69.3500898
AT4G30460,0,176.976664,218.27752,213.736282,396.831449,435.92399,482.108456
AT4G31320,0,35.3953329,47.223502,47.4969517,88.5584308,88.9977143,86.0609549
AT4G33120,0,21.0159789,38.8282128,28.0663805,107.615308,97.2382434,127.002574
AT4G35390,0,58.6235201,67.162314,83.1196654,162.543955,123.607937,172.12191
AT4G38410,0,79.639499,180.498719,87.4375701,322.845925,287.594466,350.928165
ATCG00920,0,38.7136453,97.5952375,73.4043798,140.124099,139.264942,243.978629